Area,Temperature,Wind_Speed,Wind_Direction,Visibility,Cloud_Cover,Precipitation,Barometric_Pressure,Humidity,Thunderstorm_Activity,Icing_Conditions,Weather_Phenomena,Sunrise_Time,Sunset_Time,Weather_Condition
Pune,-7.46,5.61,W,4.81,11,Snow,1020.36,80.76,Yes,Yes,Fog,09:37:55,08:54:38,Bad
Mumbai,24.27,2.63,NW,9.7,92,Rain,1017.5,42.92,Yes,Yes,None,12:28:39,05:51:21,Bad
Mumbai,22.36,12.76,NW,3.73,25,Rain,1001.47,42.22,Yes,No,Hail,18:10:02,23:00:51,Bad
Mumbai,12.68,13.17,E,2.98,21,Rain,996.37,88.87,Yes,Yes,Fog,23:10:58,16:36:35,Bad
Mumbai,28.64,13.11,SE,4.01,56,Snow,1041.39,26.75,Yes,Yes,None,07:45:49,10:06:40,Medium
Pune,1.09,3.44,SE,3.73,22,Snow,1011.48,27.07,Yes,No,Fog,20:09:47,14:51:21,Bad
Nashik,6.41,6.23,SE,6.41,93,Rain,1000.84,51.12,Yes,Yes,None,16:23:13,19:52:37,Bad
Nashik,30.66,16.5,NE,5.26,58,Rain,1000.13,17.92,Yes,Yes,Hail,15:30:32,23:21:24,Medium
Surat,29.41,16.84,E,1.06,45,None,1038.19,56.1,Yes,No,None,11:46:18,13:49:17,Medium
Pune,11.47,10.0,S,7.47,58,Snow,1009.67,4.71,Yes,Yes,None,20:01:09,07:03:46,Medium
Surat,-6.61,19.21,SE,6.12,18,Snow,1028.49,7.76,Yes,Yes,Hail,16:25:18,10:20:45,Bad
Mumbai,14.09,16.87,SW,3.22,79,None,986.85,79.96,Yes,No,None,22:52:44,11:03:36,Bad
Mumbai,21.87,14.9,W,5.69,52,None,1019.07,42.02,No,No,Fog,11:55:00,11:15:50,Medium
Surat,15.4,19.64,N,5.71,63,None,988.57,32.46,Yes,Yes,Fog,10:45:52,21:21:20,Medium
Mumbai,13.15,11.27,E,5.34,73,Rain,1020.47,25.91,No,Yes,Fog,01:10:54,09:08:34,Bad
Surat,34.18,4.3,SE,9.85,27,None,1032.81,63.8,No,No,Fog,03:19:29,18:53:22,Good
Surat,33.76,3.47,NE,7.81,54,None,1043.96,4.65,No,Yes,None,20:11:20,23:05:21,Medium
Pune,14.89,2.16,NE,8.51,45,Snow,1035.89,34.75,No,No,Hail,04:36:05,22:46:35,Medium
Nashik,6.01,9.55,N,6.82,2,Rain,1032.63,31.64,No,Yes,None,23:03:51,22:45:54,Bad
Surat,-2.03,12.23,NW,4.65,1,None,1031.96,57.31,Yes,No,None,19:35:01,00:49:02,Good
Surat,-8.85,10.03,E,7.58,92,None,1013.35,57.28,No,Yes,Hail,16:11:22,23:11:32,Bad
Nashik,15.32,9.91,NE,4.69,14,Snow,998.4,94.31,No,Yes,Fog,19:58:07,03:26:59,Bad
Mumbai,32.26,13.98,E,4.47,59,Rain,1040.79,44.67,No,Yes,Fog,22:25:39,11:54:46,Medium
Nashik,30.2,12.32,SW,1.51,78,Snow,995.03,10.93,No,No,Fog,00:46:59,22:46:34,Bad
Pune,9.24,4.45,SW,4.51,14,None,1025.44,17.69,Yes,No,Hail,15:39:28,04:50:52,Good
Pune,-4.52,16.98,S,3.09,19,None,1005.5,12.46,No,Yes,None,13:12:30,10:43:03,Good
Mumbai,-2.26,6.96,S,9.34,74,None,994.65,56.04,Yes,Yes,Fog,14:14:37,05:10:44,Bad
Pune,22.31,2.35,SW,2.71,78,Rain,1005.85,80.47,No,No,None,10:28:15,09:18:51,Bad
Surat,-5.59,3.58,E,2.78,39,Rain,1037.61,23.99,No,No,None,08:41:35,01:22:02,Medium
Surat,1.73,1.6,W,2.79,22,None,1009.66,10.59,Yes,No,Hail,23:01:45,22:36:12,Good
Nashik,11.44,11.26,SW,6.28,2,Rain,992.84,8.08,Yes,No,None,18:16:45,07:04:26,Bad
Surat,25.55,15.56,E,8.49,93,Snow,1010.84,93.15,Yes,Yes,Fog,08:41:48,01:03:55,Bad
Mumbai,2.31,7.27,SW,2.62,21,None,1013.14,37.6,No,Yes,None,04:00:47,21:53:05,Good
Nashik,10.15,16.74,E,6.44,57,Snow,1035.08,7.71,No,No,Hail,13:00:16,22:33:37,Medium
Nashik,7.18,4.86,W,8.67,53,Snow,1032.12,6.54,No,Yes,None,00:43:12,22:28:12,Medium
Surat,20.25,16.95,W,3.25,24,Snow,980.89,47.38,Yes,Yes,Hail,01:11:18,21:19:27,Bad
Mumbai,5.93,17.17,SW,3.55,19,Snow,1009.15,75.47,No,No,None,16:42:05,22:21:44,Bad
Pune,-2.56,19.6,S,4.01,78,Snow,1031.47,45.02,No,Yes,Hail,00:45:01,04:56:37,Bad
Pune,-8.72,19.6,W,6.05,19,Snow,986.85,40.4,No,Yes,None,01:43:10,18:03:20,Bad
Nashik,12.18,6.22,SW,6.36,97,None,986.9,5.31,No,Yes,Hail,11:00:36,08:53:03,Bad
Nashik,-0.72,9.3,SW,8.27,10,Rain,1042.55,48.25,Yes,Yes,Hail,04:02:13,13:20:14,Bad
Mumbai,11.53,6.23,SW,8.5,10,None,1009.54,65.13,Yes,Yes,None,17:45:23,18:54:49,Good
Mumbai,3.94,4.14,E,7.36,69,Snow,1046.86,47.97,Yes,Yes,None,10:10:04,14:58:40,Medium
Surat,9.62,7.84,SE,1.79,6,None,1021.73,29.84,No,Yes,Hail,23:19:22,07:35:05,Good
Nashik,26.39,17.39,W,6.21,75,Rain,982.39,91.63,Yes,Yes,Hail,23:27:13,02:01:26,Bad
Pune,-4.27,5.72,NW,1.31,67,None,1002.7,60.32,Yes,No,None,02:34:16,01:56:30,Medium
Surat,-1.46,9.11,W,5.52,63,Snow,1027.48,48.6,Yes,No,Fog,00:07:28,05:14:38,Medium
Mumbai,-7.21,9.81,E,5.21,33,Snow,994.73,9.91,No,No,None,18:03:16,09:02:50,Medium
Pune,8.39,9.79,SE,9.92,8,Rain,1016.36,54.23,Yes,No,Fog,22:27:45,01:53:22,Bad
Surat,5.07,15.45,S,1.49,15,Rain,1039.64,90.15,Yes,Yes,Fog,04:16:34,18:13:58,Bad
Nashik,20.8,4.43,W,5.72,5,Rain,988.11,10.73,Yes,Yes,None,00:17:00,00:46:19,Bad
Surat,0.68,17.46,N,5.79,25,Snow,1009.41,24.2,No,No,Hail,10:43:49,00:05:20,Bad
Pune,26.91,10.66,E,8.01,94,None,1049.2,62.84,No,No,Hail,09:19:29,19:45:30,Bad
Nashik,30.28,7.33,E,7.23,7,Snow,1046.9,40.78,No,No,Hail,00:08:01,03:35:43,Bad
Surat,18.59,9.48,NW,6.87,77,None,994.43,33.75,No,No,Hail,18:14:42,19:23:53,Bad
Surat,-3.69,3.84,NW,8.51,78,Rain,987.62,38.63,No,Yes,None,01:28:09,12:58:31,Bad
Nashik,-6.0,3.88,W,5.45,74,Snow,1028.75,23.61,Yes,Yes,None,19:19:04,21:22:00,Bad
Mumbai,-6.23,12.25,W,3.25,2,None,1000.92,43.76,Yes,No,Hail,21:08:28,16:47:34,Good
Pune,3.13,16.51,N,4.68,92,Rain,1039.78,82.66,No,Yes,Hail,02:30:40,09:32:58,Bad
Pune,-6.22,4.39,W,8.17,3,Snow,1040.08,47.78,No,Yes,None,13:22:25,18:57:36,Bad
Pune,-7.21,0.8,SE,5.12,65,Snow,1049.33,31.43,No,Yes,Fog,17:25:58,17:32:58,Medium
Surat,2.35,19.77,NE,3.7,1,None,1027.1,77.82,No,No,Hail,06:54:45,07:47:48,Good
Mumbai,21.52,5.22,N,7.33,55,Snow,1022.19,99.68,Yes,Yes,None,04:10:04,09:37:40,Medium
Pune,-1.34,11.92,SW,2.97,70,None,1021.68,75.59,No,No,Fog,06:25:43,21:11:25,Medium
Pune,27.34,3.69,NW,5.16,8,None,1032.3,37.2,Yes,Yes,None,17:30:14,23:38:43,Good
Surat,8.57,15.91,NE,3.07,73,Rain,991.37,32.65,Yes,Yes,Hail,16:21:04,15:15:42,Bad
Mumbai,11.05,17.65,W,2.36,96,Snow,1011.38,58.77,Yes,Yes,Fog,08:53:06,14:10:49,Bad
Nashik,0.59,7.18,N,8.8,75,Rain,1025.3,23.72,Yes,Yes,Hail,06:03:57,10:54:50,Bad
Surat,-1.06,10.08,NW,5.79,16,Snow,999.83,53.84,No,No,Fog,12:23:41,11:03:36,Bad
Surat,15.53,1.81,E,8.32,48,None,1027.84,26.95,No,Yes,Hail,20:47:40,13:00:43,Medium
Surat,2.26,16.23,S,8.97,16,Rain,995.54,34.8,No,No,Hail,01:50:26,13:18:08,Bad
Pune,-6.53,2.22,SE,5.75,84,Snow,1016.37,81.27,Yes,Yes,None,11:30:58,05:50:07,Bad
Mumbai,26.47,2.25,SW,7.25,82,Rain,1039.11,21.07,No,No,None,14:40:20,17:21:17,Bad
Mumbai,-7.43,0.45,SW,3.51,53,None,1028.52,69.27,Yes,No,Fog,13:54:52,13:55:40,Medium
Mumbai,33.07,3.36,W,5.78,31,Rain,1045.91,47.65,No,No,Fog,19:40:02,22:36:19,Medium
Mumbai,30.67,2.51,SW,9.28,34,None,1007.55,18.54,No,Yes,Hail,19:07:42,15:18:57,Medium
Pune,-6.05,18.99,SW,6.68,66,Rain,1048.57,64.67,No,Yes,None,09:54:17,04:12:47,Medium
Mumbai,8.69,4.23,E,5.91,26,None,983.72,28.44,No,Yes,Hail,13:13:00,04:33:15,Good
Mumbai,18.85,3.21,N,6.34,56,Rain,992.9,66.75,Yes,No,Hail,22:30:48,01:00:45,Medium
Nashik,-5.93,6.1,W,2.03,41,None,1003.95,2.15,No,No,Hail,19:12:22,19:44:45,Medium
Surat,-2.02,14.1,SW,9.24,73,Snow,1032.03,38.75,No,No,None,15:35:44,18:04:56,Bad
Nashik,11.25,1.25,E,6.98,60,Rain,1027.91,45.24,Yes,Yes,Hail,11:16:00,20:07:55,Medium
Pune,4.23,19.64,N,2.05,36,Snow,985.74,75.41,Yes,No,Hail,01:34:18,01:07:33,Medium
Pune,-0.58,15.35,SW,8.81,73,Snow,1010.83,23.49,No,Yes,Fog,14:51:36,18:16:13,Bad
Mumbai,10.09,5.54,N,7.22,48,None,1046.12,62.71,No,Yes,Hail,00:07:09,07:10:01,Medium
Mumbai,18.63,19.34,NE,5.82,74,Snow,1004.6,65.52,No,Yes,Hail,15:45:34,10:28:08,Bad
Nashik,26.21,14.41,SW,9.28,100,Rain,1009.19,25.44,No,Yes,None,18:35:10,08:35:41,Bad
Pune,17.26,5.56,E,3.74,42,Snow,1025.07,75.67,No,Yes,Fog,09:08:39,22:07:19,Medium
Surat,17.22,17.85,S,6.81,37,None,1048.23,0.19,Yes,No,None,12:54:20,19:07:47,Medium
Mumbai,28.06,3.4,W,2.04,27,Rain,980.73,28.37,No,Yes,None,14:29:16,07:20:25,Bad
Pune,20.04,11.98,W,8.03,52,None,1024.79,26.46,No,No,Hail,00:53:20,23:01:47,Medium
Surat,15.65,14.18,W,7.41,24,Snow,986.14,75.95,No,No,Hail,11:03:07,12:59:43,Bad
Surat,7.58,6.97,S,1.61,73,None,1046.88,63.3,No,Yes,None,00:22:14,18:58:31,Bad
Nashik,-7.07,5.31,E,4.23,21,Rain,1048.98,56.81,No,No,Hail,15:43:09,00:06:47,Bad
Nashik,10.48,13.71,N,4.99,44,Snow,1047.78,27.09,Yes,No,None,11:47:22,16:05:30,Medium
Pune,2.13,15.26,SW,1.87,7,None,1041.72,63.92,Yes,No,Fog,10:00:38,20:04:05,Good
Surat,2.06,15.54,SE,3.18,55,None,1026.66,34.74,No,No,Hail,00:04:01,21:02:12,Medium
Nashik,-1.62,15.69,NW,3.11,36,None,986.38,25.54,Yes,Yes,None,10:25:07,22:55:08,Medium
Nashik,11.23,12.16,E,7.85,72,None,1036.52,94.62,Yes,Yes,Hail,13:56:03,09:30:14,Bad
Nashik,13.02,16.0,NW,1.93,18,None,987.54,10.38,No,No,None,13:41:45,01:02:47,Good
Mumbai,-8.32,8.65,N,7.26,24,Rain,1027.68,43.09,Yes,No,Fog,14:55:17,09:56:26,Bad
Pune,11.38,13.94,NE,6.75,60,Snow,993.43,84.51,No,No,Fog,12:26:59,15:33:24,Medium
Surat,-3.38,10.02,SW,1.77,3,Rain,1047.72,18.6,Yes,No,None,12:51:46,16:53:43,Bad
Pune,3.79,19.96,NW,2.49,14,None,996.78,28.25,Yes,Yes,Fog,16:00:34,02:38:01,Good
Nashik,2.3,11.48,S,9.64,87,Snow,1046.68,41.35,No,Yes,None,22:57:14,04:54:46,Bad
Pune,10.84,17.4,NW,8.26,12,Snow,1021.56,93.77,No,No,None,10:33:45,00:28:03,Bad
Mumbai,20.7,14.61,NW,8.78,55,Snow,1007.64,23.48,Yes,Yes,Fog,20:27:53,02:17:24,Medium
Surat,20.88,16.44,E,5.53,25,Snow,990.52,30.57,No,No,Fog,00:29:29,03:42:54,Bad
Pune,-6.54,6.59,W,9.94,43,Snow,1034.98,91.74,Yes,Yes,None,18:39:37,15:15:55,Medium
Mumbai,28.23,9.03,S,7.15,18,Snow,1029.51,19.66,No,No,Hail,21:05:07,17:26:27,Bad
Mumbai,-5.97,11.61,NW,2.86,48,Rain,1039.09,95.15,No,No,Hail,04:25:11,12:24:36,Medium
Nashik,34.8,17.6,NW,5.28,88,None,989.84,10.52,No,Yes,None,02:02:48,14:15:21,Bad
Surat,30.8,8.05,SW,5.46,51,Snow,989.2,12.65,Yes,Yes,Fog,01:39:00,13:38:26,Medium
Pune,29.28,4.33,W,9.13,71,None,1027.71,89.89,No,Yes,Hail,15:53:09,07:26:59,Bad
Nashik,-9.99,6.45,N,2.75,7,Snow,1048.02,48.54,Yes,No,Hail,06:37:39,02:03:44,Bad
Mumbai,0.84,11.38,W,1.29,46,Rain,1020.25,66.72,No,No,None,23:02:20,05:37:15,Medium
Pune,30.44,9.42,S,2.81,78,Rain,989.96,93.83,Yes,No,Fog,23:33:05,17:02:43,Bad
Mumbai,24.64,18.76,NE,9.3,22,None,992.72,77.74,Yes,Yes,Hail,04:50:56,19:37:06,Good
Mumbai,31.1,14.35,SW,3.07,85,Rain,1035.32,96.68,No,No,Hail,15:47:29,20:30:52,Bad
Nashik,1.76,11.3,W,5.64,7,None,989.63,32.85,No,Yes,Fog,10:17:02,23:14:34,Good
Mumbai,26.97,15.5,NE,9.28,36,Rain,1018.18,95.09,Yes,No,None,16:05:20,21:13:49,Medium
Nashik,23.88,3.41,W,8.98,9,None,1009.75,77.46,Yes,No,Hail,13:37:34,13:38:29,Good
Pune,29.56,11.58,NW,7.77,75,Snow,1028.48,24.68,No,No,None,22:41:21,14:43:48,Bad
Pune,-5.83,3.49,W,4.1,32,None,1032.9,11.63,No,Yes,None,20:18:56,02:03:11,Medium
Mumbai,33.77,0.54,SE,1.02,41,None,983.52,88.31,Yes,No,Hail,02:47:31,20:31:27,Medium
Surat,20.47,2.42,SW,4.75,41,Rain,1032.13,47.02,No,No,Fog,15:22:24,03:59:35,Medium
Mumbai,1.46,2.82,NW,6.74,59,None,996.37,70.6,Yes,No,None,17:42:07,03:05:25,Medium
Pune,-6.88,13.46,SE,2.15,5,Snow,1013.96,98.11,Yes,No,Hail,18:39:02,17:22:41,Bad
Mumbai,6.6,8.54,W,7.64,22,Rain,1007.61,93.36,Yes,No,Fog,02:47:13,07:52:12,Bad
Nashik,2.16,5.95,NE,7.36,12,None,1032.56,77.15,No,Yes,Fog,07:40:23,21:59:39,Good
Mumbai,10.86,4.68,S,2.55,62,None,1035.82,95.02,No,Yes,Hail,11:07:34,09:24:32,Medium
Mumbai,8.54,11.58,E,3.9,89,None,995.39,10.34,Yes,No,Hail,13:38:35,13:16:17,Bad
Nashik,32.44,18.49,NW,4.96,22,Snow,1026.35,91.56,Yes,Yes,Fog,01:56:08,16:00:20,Bad
Pune,20.81,17.32,S,2.57,34,Snow,1003.93,12.6,No,Yes,None,11:40:04,20:59:21,Medium
Mumbai,7.1,2.12,E,8.98,72,Snow,1044.3,78.12,No,Yes,None,08:05:41,23:09:54,Bad
Mumbai,-3.18,11.62,N,2.12,77,Rain,1017.76,64.76,No,No,None,10:25:59,08:00:54,Bad
Nashik,33.44,10.73,SE,1.03,99,None,1021.79,13.49,No,No,None,13:55:56,09:52:12,Bad
Surat,21.21,14.75,E,9.52,77,Snow,994.33,8.39,No,Yes,Fog,21:54:39,18:42:38,Bad
Nashik,33.96,17.43,SE,7.04,24,None,1035.45,9.32,Yes,Yes,None,20:52:30,13:59:46,Good
Nashik,21.44,14.79,SE,6.03,91,Snow,1022.66,71.75,Yes,No,None,23:49:15,05:01:41,Bad
Mumbai,16.33,0.14,SE,4.96,57,Rain,1012.46,14.6,No,Yes,Hail,13:47:02,02:45:51,Medium
Nashik,17.51,13.19,SW,8.85,27,Snow,1037.4,92.79,No,Yes,Hail,02:58:43,10:36:06,Bad
Surat,31.96,12.92,NW,8.59,24,None,1002.75,15.85,Yes,Yes,Fog,09:53:23,12:11:35,Good
Pune,-8.04,15.12,E,5.53,47,None,1013.64,95.34,Yes,Yes,Hail,03:43:14,08:15:34,Medium
Nashik,11.4,9.79,SW,2.48,62,Rain,1040.45,67.46,Yes,Yes,Fog,01:39:07,11:22:27,Medium
Nashik,22.21,17.21,SW,5.33,91,Rain,1015.3,89.71,Yes,Yes,None,01:24:14,21:12:58,Bad
Nashik,11.46,4.22,SW,8.36,3,None,1033.37,90.49,No,Yes,None,17:47:11,15:13:36,Good
Pune,3.34,17.95,NW,9.53,36,Rain,981.31,97.96,Yes,No,Hail,22:32:58,03:48:48,Medium
Pune,32.04,7.45,SE,3.13,9,Snow,1033.73,42.24,Yes,No,Hail,16:32:33,00:39:41,Bad
Pune,4.45,8.75,SE,1.79,14,None,1025.12,95.89,No,No,Fog,04:17:06,08:34:22,Good
Pune,26.75,7.5,N,3.49,32,None,1046.66,72.21,No,Yes,None,04:13:41,11:19:19,Medium
Nashik,3.93,11.43,NW,8.34,68,Snow,1042.49,14.22,No,No,Hail,12:03:56,22:28:27,Medium
Pune,21.98,11.56,NE,1.1,71,Snow,1019.45,22.31,Yes,No,Hail,22:05:49,13:31:49,Bad
Mumbai,12.63,4.16,E,7.02,60,None,1016.83,91.37,Yes,Yes,Hail,04:38:58,22:50:02,Medium
Nashik,9.04,19.23,W,6.28,65,None,984.48,61.54,No,No,Fog,16:23:06,13:36:05,Medium
Mumbai,22.5,5.21,NW,8.56,21,None,991.93,76.92,Yes,Yes,Hail,09:27:14,18:28:08,Good
Nashik,5.81,3.31,NE,2.17,14,None,1045.79,35.85,No,No,Hail,00:52:02,05:47:12,Good
Nashik,11.74,4.62,N,5.11,45,Rain,1036.87,49.72,No,No,None,00:53:16,21:04:55,Medium
Surat,7.67,4.61,SE,6.43,53,None,1028.41,75.99,No,No,None,05:59:42,03:23:38,Medium
Nashik,7.82,8.13,S,3.68,10,Snow,1049.8,41.76,No,No,Fog,21:09:55,21:51:06,Bad
Surat,29.7,16.09,S,7.89,65,Rain,990.04,95.78,No,Yes,Fog,14:25:47,15:40:02,Medium
Surat,15.68,16.76,NE,5.25,20,Rain,985.04,61.44,Yes,No,None,10:29:18,02:14:30,Bad
Mumbai,23.22,0.54,NW,4.59,29,Rain,1017.93,28.88,No,No,Fog,03:52:36,12:12:02,Bad
Surat,7.13,8.41,N,6.65,53,Rain,1005.91,64.46,No,No,Hail,17:26:37,22:38:18,Medium
Surat,25.43,8.41,N,9.62,55,Snow,1034.89,81.52,No,Yes,Hail,04:39:55,20:11:20,Medium
Mumbai,-6.05,14.47,S,3.88,49,Rain,995.35,36.41,No,Yes,Hail,19:00:31,03:40:30,Medium
Pune,11.47,1.82,E,3.43,26,Snow,992.01,10.97,No,Yes,None,06:24:01,09:45:02,Bad
Mumbai,33.13,4.36,NE,4.75,28,None,1022.52,57.87,Yes,No,Fog,05:58:32,15:20:16,Good
Pune,18.48,9.76,E,8.57,52,None,981.04,39.04,No,Yes,Hail,09:24:44,15:26:32,Medium
Nashik,21.47,16.69,S,8.88,86,None,995.74,11.25,No,Yes,None,18:24:37,01:18:31,Bad
Mumbai,22.57,4.61,N,4.91,33,None,999.44,7.88,No,No,None,01:16:36,23:18:42,Medium
Pune,7.1,0.79,E,5.57,31,Snow,1015.19,73.86,Yes,No,Hail,04:56:25,15:58:21,Medium
Nashik,33.41,18.35,N,3.18,24,Snow,1023.84,18.65,No,Yes,Hail,01:23:41,02:36:38,Bad
Pune,4.92,6.64,SW,1.68,9,Snow,1029.95,33.48,Yes,No,None,15:50:39,15:07:32,Bad
Surat,2.9,17.66,NW,4.09,82,Rain,1022.36,82.82,Yes,No,None,14:34:14,19:38:36,Bad
Pune,1.61,6.58,W,5.38,89,Rain,1039.65,89.63,No,No,None,21:35:54,02:49:27,Bad
Pune,-0.29,5.93,NW,6.23,76,Rain,1001.57,27.43,Yes,Yes,Hail,17:20:20,04:22:30,Bad
Surat,13.34,19.93,NE,1.4,68,Snow,1022.74,45.13,Yes,Yes,Fog,18:03:21,16:36:08,Medium
Nashik,31.51,4.15,E,4.75,25,Snow,1032.91,90.91,Yes,No,None,13:29:20,10:28:41,Bad
Nashik,8.56,15.49,S,8.01,4,None,999.97,39.26,Yes,No,Fog,09:29:11,12:04:59,Good
Nashik,22.27,12.92,S,8.86,14,Rain,1042.77,44.06,Yes,No,Hail,04:46:13,18:22:57,Bad
Nashik,2.27,3.81,SE,8.92,96,Rain,1008.96,47.89,No,No,None,00:28:33,17:57:49,Bad
Surat,4.75,7.98,NW,3.8,41,Snow,1024.88,78.02,Yes,Yes,None,17:54:37,11:05:31,Medium
Pune,21.22,18.02,N,7.33,3,None,1005.59,21.9,No,No,Hail,03:25:06,11:24:05,Good
Pune,13.76,11.2,W,2.7,91,None,997.4,99.97,No,Yes,None,18:41:03,22:44:38,Bad
Surat,28.43,19.24,NE,1.29,85,Snow,1001.74,16.4,No,Yes,None,20:30:35,22:05:13,Bad
Nashik,-1.46,18.51,SW,1.66,38,None,996.58,49.95,Yes,Yes,Fog,05:53:51,03:38:12,Medium
Surat,16.45,9.15,E,9.25,97,None,1009.61,23.59,No,No,None,16:29:07,19:55:25,Bad
Surat,21.78,16.58,NE,6.92,91,Snow,1040.77,43.01,No,Yes,Fog,09:08:51,10:18:15,Bad
Mumbai,-5.45,9.06,W,9.12,32,None,1009.08,49.57,No,Yes,None,04:26:56,16:39:51,Medium
Surat,30.02,16.76,NW,5.93,81,Snow,988.32,79.14,Yes,Yes,Fog,11:02:09,10:19:53,Bad
Mumbai,23.25,13.9,NE,8.93,77,Snow,1002.36,15.16,Yes,Yes,None,10:25:49,21:18:13,Bad
Surat,13.66,5.44,S,7.65,5,None,981.89,65.58,No,Yes,Hail,17:29:22,15:19:28,Good
Nashik,25.2,11.1,W,1.73,55,Snow,1003.58,59.2,Yes,No,None,07:10:04,00:37:43,Medium
Mumbai,-2.91,12.28,E,5.48,47,Rain,1047.87,83.5,No,No,Fog,20:11:23,15:03:44,Medium
Surat,-8.25,2.32,SW,9.75,56,Snow,984.33,2.36,Yes,No,None,06:25:33,19:21:22,Medium
Pune,-7.23,19.31,SE,5.44,30,Rain,1016.63,56.14,Yes,No,Hail,11:34:35,22:35:40,Bad
Nashik,28.21,19.25,NW,5.83,94,Rain,1041.2,84.69,Yes,No,Fog,02:28:59,05:09:57,Bad
Mumbai,4.58,8.16,S,8.89,70,Snow,989.73,11.6,Yes,No,Hail,22:26:26,12:26:44,Medium
Pune,-1.48,16.34,NE,3.2,64,Rain,1019.25,72.13,No,No,Hail,03:14:44,19:38:39,Medium
Surat,27.18,19.02,NW,6.64,26,Rain,1028.9,13.87,No,No,None,20:11:52,06:58:47,Bad
Pune,3.66,6.23,W,4.82,35,Snow,1036.48,48.32,Yes,Yes,Fog,07:19:19,12:19:42,Medium
Pune,2.93,5.47,S,1.59,0,Rain,1001.63,70.63,Yes,No,Fog,07:45:56,06:54:52,Bad
Nashik,0.24,2.55,SW,4.77,99,Snow,1002.1,22.67,Yes,Yes,None,06:15:13,15:19:47,Bad
Nashik,19.54,7.2,W,8.04,43,Snow,989.39,20.54,Yes,Yes,Hail,04:46:07,02:08:10,Medium
Nashik,-6.02,14.0,S,9.47,32,Snow,1024.25,70.49,Yes,No,None,06:45:04,21:54:21,Medium
Pune,-9.11,18.33,SW,6.32,20,Rain,1007.8,1.52,No,Yes,None,01:55:32,21:31:32,Bad
Surat,30.59,1.78,SE,1.21,43,Rain,1030.71,26.78,Yes,No,Hail,05:37:57,02:56:38,Medium
Mumbai,29.64,13.76,NE,9.76,94,Snow,1043.5,88.42,No,No,None,06:50:42,22:11:31,Bad
Surat,-0.86,14.89,SE,3.87,61,None,1025.76,60.36,No,Yes,Hail,22:55:41,03:35:01,Medium
Surat,-2.46,7.69,S,3.45,24,None,1007.32,27.8,Yes,Yes,Hail,14:14:21,08:45:40,Good
Nashik,13.8,19.88,S,6.56,14,Snow,1017.96,74.86,No,No,Fog,11:07:41,21:11:54,Bad
Mumbai,0.51,5.11,S,9.89,64,Rain,1039.61,18.97,Yes,Yes,None,23:50:43,20:55:44,Medium
Pune,-8.84,3.87,W,5.66,79,Rain,985.26,31.7,No,No,None,00:56:38,10:18:26,Bad
Mumbai,28.25,2.69,NE,4.36,86,Snow,1033.48,72.2,Yes,No,None,12:54:57,17:55:58,Bad
Pune,15.57,16.8,NW,1.02,87,Snow,1048.55,77.24,No,Yes,None,05:59:03,07:38:34,Bad
Surat,11.41,9.99,NW,4.63,4,None,993.11,54.21,No,Yes,Hail,05:46:13,18:09:56,Good
Nashik,-6.77,0.72,E,7.71,65,Rain,1033.26,37.77,No,No,None,07:00:33,09:27:15,Medium
Mumbai,6.18,6.93,N,3.08,46,None,1004.62,48.53,Yes,Yes,None,23:52:30,23:26:00,Medium
Surat,6.44,15.21,SE,9.33,1,Rain,988.07,59.42,No,No,Hail,20:36:16,01:01:31,Bad
Surat,-8.94,0.65,N,3.82,85,None,1037.76,97.26,Yes,No,None,22:06:26,15:52:12,Bad
Pune,0.21,18.58,NE,8.57,51,Rain,1049.92,47.2,Yes,Yes,Hail,16:20:04,12:41:15,Medium
Nashik,20.42,19.75,W,8.68,46,Snow,1000.85,33.52,No,Yes,Hail,08:58:32,09:33:14,Medium
Surat,24.13,6.38,NW,5.33,36,None,1003.99,45.84,Yes,Yes,Hail,05:45:23,10:52:36,Medium
Mumbai,8.81,18.27,N,4.18,34,Rain,1020.2,92.4,No,No,Fog,18:37:48,13:22:20,Medium
Surat,17.29,6.1,NE,5.18,28,None,1014.15,72.29,Yes,Yes,Fog,13:39:41,12:04:23,Good
Nashik,-6.87,15.08,SE,1.6,23,None,1002.79,70.12,Yes,No,None,17:28:16,06:02:41,Good
Surat,7.44,3.13,W,3.71,43,Snow,1025.83,9.06,No,Yes,None,04:51:50,23:33:07,Medium
Nashik,13.83,11.78,NW,6.71,38,Snow,1049.7,2.13,No,No,Fog,13:31:50,22:07:50,Medium
Surat,16.95,7.45,NW,3.0,36,Rain,1040.03,40.24,Yes,No,None,17:07:00,21:44:45,Medium
Nashik,14.19,2.34,W,8.94,83,Rain,1038.55,26.14,No,No,None,03:21:10,13:38:43,Bad
Nashik,-8.39,11.1,SE,2.41,59,Rain,1013.34,60.36,No,No,None,14:10:10,10:01:38,Medium
Mumbai,-7.59,11.36,W,8.9,50,None,987.38,51.71,No,No,Fog,17:21:00,20:47:26,Medium
Nashik,-5.24,2.16,N,9.7,92,Snow,1010.72,24.48,No,No,Fog,22:43:41,05:17:15,Bad
Surat,18.98,7.03,NW,7.94,60,Rain,981.21,54.16,No,Yes,None,12:25:37,04:17:49,Medium
Mumbai,23.72,1.84,NW,4.72,8,Rain,1009.53,86.5,Yes,No,None,01:35:48,07:16:51,Bad
Nashik,23.39,18.33,NE,9.77,95,Snow,1039.26,1.51,Yes,Yes,Hail,02:34:16,10:26:21,Bad
Surat,25.2,17.21,S,4.4,80,None,999.87,71.37,Yes,No,Hail,00:12:37,00:02:26,Bad
Surat,20.55,18.63,E,7.72,33,Snow,1004.62,26.88,No,Yes,None,04:07:34,19:35:20,Medium
Pune,31.22,17.8,W,7.11,54,None,1028.63,71.03,No,No,Hail,22:36:46,17:04:53,Medium
Mumbai,28.86,13.9,W,2.84,23,Snow,1049.28,89.53,No,Yes,None,06:07:36,04:39:48,Bad
Nashik,-2.53,5.57,W,1.51,43,Snow,1023.48,40.85,Yes,No,Fog,23:18:36,02:14:12,Medium
Mumbai,18.31,2.69,E,9.86,33,Snow,1048.58,54.7,No,Yes,None,19:53:34,07:24:48,Medium
Nashik,-5.75,1.54,W,4.04,25,Snow,1013.45,34.91,Yes,No,None,02:34:25,15:43:38,Bad
Nashik,3.84,7.66,SE,9.3,58,None,1030.98,15.41,No,Yes,None,12:23:59,07:59:45,Medium
Pune,26.89,0.79,W,1.18,6,Rain,1021.64,58.24,Yes,No,None,01:02:28,23:32:16,Bad
Nashik,4.06,18.3,SE,7.01,98,None,1014.77,31.15,Yes,Yes,Hail,18:09:53,10:04:30,Bad
Surat,9.45,12.55,W,2.5,23,Rain,995.04,38.94,No,Yes,Hail,03:08:53,09:43:37,Bad
Nashik,23.08,2.29,SW,4.22,9,Snow,1013.21,32.81,Yes,No,Fog,13:02:06,10:32:11,Bad
Mumbai,1.58,6.39,NW,1.52,98,Snow,1021.65,26.31,Yes,Yes,None,22:31:39,16:48:37,Bad
Pune,27.48,1.16,SE,8.18,38,None,1003.37,53.64,No,Yes,Fog,12:56:32,16:08:34,Medium
Surat,29.38,15.67,N,3.67,48,Snow,1024.66,2.14,Yes,No,Fog,07:04:00,03:13:12,Medium
Pune,-4.26,11.31,NE,3.4,11,None,995.51,15.08,Yes,No,Hail,19:25:50,09:19:09,Good
Pune,8.15,14.86,W,7.21,87,None,1031.07,14.01,Yes,No,Hail,00:26:13,08:31:52,Bad
Surat,25.57,19.42,SE,8.16,6,None,1017.69,30.77,Yes,Yes,Fog,09:26:35,17:07:58,Good
Surat,11.95,19.61,W,1.65,30,None,988.42,64.57,Yes,Yes,Hail,23:34:19,18:45:00,Good
Nashik,24.88,5.18,NW,4.5,21,None,1035.49,47.77,No,Yes,Fog,04:36:33,21:48:35,Good
Mumbai,5.97,12.0,S,1.41,75,None,1033.89,66.56,No,Yes,Hail,18:29:42,12:01:49,Bad
Mumbai,33.31,10.57,SE,2.97,56,Rain,1046.56,99.88,Yes,No,Fog,18:56:14,13:54:22,Medium
Pune,22.7,9.21,S,5.98,52,Rain,1033.71,6.18,No,No,Hail,16:47:43,19:25:54,Medium
Nashik,-1.5,7.26,W,9.75,7,Rain,1047.67,7.03,No,Yes,None,22:39:29,11:19:43,Bad
Nashik,12.76,19.28,SW,1.6,81,None,1039.78,56.08,No,Yes,Hail,16:32:40,23:11:35,Bad
Nashik,33.97,15.78,NE,4.79,35,Snow,1014.66,74.29,No,Yes,None,17:17:51,17:49:08,Medium
Pune,21.25,1.4,SE,9.51,82,None,1025.54,55.78,No,No,None,14:10:58,17:56:30,Bad
Mumbai,14.59,13.07,NE,5.16,16,Snow,1034.14,22.39,Yes,No,Hail,11:30:28,10:16:04,Bad
Pune,30.33,17.78,NE,3.1,16,Snow,980.56,51.68,No,Yes,Fog,04:55:59,22:49:12,Bad
Mumbai,19.49,9.18,N,3.76,61,None,1033.96,91.08,Yes,No,None,12:58:07,22:07:15,Medium
Nashik,13.3,1.56,E,9.14,22,Rain,1021.54,77.57,No,Yes,Fog,14:43:35,14:00:51,Bad
Surat,-9.55,4.81,W,5.35,70,Snow,1030.81,51.24,No,No,Fog,01:52:45,12:47:38,Medium
Pune,34.47,14.91,NE,5.14,72,Snow,1035.76,10.37,Yes,No,None,08:04:01,13:02:46,Bad
Pune,26.32,6.6,SE,4.6,26,Rain,1009.99,74.01,Yes,Yes,None,15:14:50,15:37:16,Bad
Nashik,-4.62,14.68,S,3.77,80,None,982.65,13.73,Yes,No,Hail,20:43:31,15:04:37,Bad
Nashik,21.33,19.24,SW,7.57,27,None,982.62,80.25,No,No,None,13:08:13,15:21:49,Good
Pune,12.87,10.17,W,8.87,84,None,986.39,82.11,Yes,Yes,None,17:02:49,10:30:08,Bad
Surat,28.83,0.94,E,8.93,55,None,1000.84,95.87,Yes,No,None,05:58:02,20:13:10,Medium
Mumbai,-7.35,1.97,W,2.92,60,Rain,988.19,62.27,No,No,None,05:54:01,03:34:45,Medium
Nashik,0.93,12.95,SE,2.15,96,None,1006.3,24.49,Yes,No,Fog,22:08:01,14:29:12,Bad
Nashik,-7.77,2.37,SW,6.79,92,None,987.3,79.03,Yes,No,None,21:53:14,15:44:42,Bad
Surat,18.44,16.69,S,1.45,47,None,1044.05,63.88,No,Yes,Hail,03:25:31,18:57:58,Medium
Pune,29.53,8.32,S,7.23,88,Snow,1013.63,36.06,No,No,None,17:39:02,19:20:12,Bad
Nashik,14.57,1.54,SW,1.8,78,None,1002.51,63.28,Yes,Yes,Hail,13:38:02,05:01:54,Bad
Mumbai,-8.86,19.96,NE,3.15,99,Snow,1032.24,20.12,No,Yes,Hail,13:35:16,01:46:01,Bad
Surat,3.14,19.23,NW,3.4,96,None,996.15,17.23,No,No,Hail,09:35:32,17:05:11,Bad
Mumbai,-9.83,7.05,W,2.04,85,None,1002.51,96.37,No,Yes,Hail,03:50:00,15:17:23,Bad
Mumbai,29.19,4.29,SW,7.19,26,Snow,1044.76,54.03,No,No,Hail,00:56:23,06:16:56,Bad
Mumbai,-7.0,13.9,S,4.3,66,Rain,1005.2,49.33,Yes,No,None,05:26:28,17:05:30,Medium
Surat,-0.98,3.05,NW,6.25,28,Rain,1043.18,95.32,No,Yes,Hail,20:28:44,05:06:22,Bad
Pune,8.16,18.03,W,8.32,38,Rain,1004.58,95.34,No,No,Fog,22:52:47,21:02:13,Medium
Nashik,6.53,18.52,S,6.53,97,None,988.76,52.1,No,No,Fog,16:58:32,10:58:39,Bad
Surat,31.04,12.87,NW,5.3,71,Snow,1003.32,79.99,Yes,No,None,19:41:13,05:38:02,Bad
Pune,19.74,1.5,E,5.0,88,Rain,1018.33,67.22,Yes,No,Fog,23:43:37,13:51:22,Bad
Surat,33.38,12.8,NW,9.15,61,None,1026.51,71.72,Yes,No,None,09:36:17,13:45:01,Medium
Nashik,24.11,14.48,E,1.52,57,Rain,981.7,44.08,No,Yes,None,23:36:03,22:38:21,Medium
Nashik,2.37,17.16,S,1.16,85,Snow,1048.8,36.0,Yes,Yes,None,19:50:06,17:27:05,Bad
Nashik,34.16,8.36,NW,1.93,39,Snow,1024.27,26.7,Yes,No,Fog,03:20:24,06:25:50,Medium
Mumbai,20.89,8.83,E,1.66,95,Snow,992.23,8.98,No,No,Fog,19:56:45,09:30:00,Bad
Mumbai,-7.55,8.22,E,3.25,0,Rain,989.16,12.13,Yes,No,Hail,16:36:48,18:51:51,Bad
Mumbai,34.6,18.68,NW,8.68,72,Snow,996.22,67.96,No,No,Hail,16:15:24,19:59:58,Bad
Pune,3.33,1.97,S,6.11,7,None,993.31,71.04,No,No,Fog,01:41:32,07:11:57,Good
Nashik,1.55,3.67,E,1.3,25,None,1025.68,38.35,No,Yes,None,07:50:27,23:49:57,Good
Surat,18.61,16.36,S,9.1,57,None,1026.59,66.74,Yes,No,Hail,09:20:11,21:27:51,Medium
Nashik,-9.2,10.28,N,4.44,47,Rain,995.68,25.66,Yes,No,Hail,07:18:22,23:47:28,Medium
Mumbai,21.57,9.99,SE,1.83,21,Rain,1025.04,48.67,Yes,Yes,None,05:43:36,08:37:39,Bad
Pune,-7.66,19.19,S,7.49,81,Rain,993.66,92.51,No,No,Fog,03:13:55,21:05:28,Bad
Mumbai,12.53,14.48,W,6.4,54,Rain,1032.97,15.66,Yes,No,Hail,08:34:06,11:59:50,Medium
Surat,23.31,16.82,NW,3.39,16,None,1046.85,53.64,Yes,No,Fog,07:23:46,06:24:31,Good
Nashik,0.51,5.71,W,2.89,0,None,1031.06,21.82,Yes,Yes,Fog,10:57:31,15:49:55,Good
Mumbai,-4.59,15.15,NW,2.41,10,Snow,1023.07,64.5,No,No,None,23:37:10,06:16:52,Bad
Nashik,0.62,16.99,NE,3.34,0,None,991.56,14.92,Yes,Yes,Hail,16:48:15,10:56:17,Good
Nashik,24.5,9.2,N,9.2,15,Snow,1026.76,33.64,No,No,Fog,02:42:02,20:15:32,Bad
Pune,8.18,14.8,E,1.47,11,Rain,986.41,32.25,Yes,Yes,Hail,15:18:25,20:02:12,Bad
Surat,12.42,19.15,E,4.5,83,Snow,1046.79,19.28,No,Yes,Fog,18:56:27,19:43:39,Bad
Pune,1.08,11.56,NW,1.36,0,Snow,1027.19,27.37,Yes,Yes,Hail,23:20:57,04:52:43,Bad
Mumbai,23.32,10.97,W,8.45,98,Rain,998.11,6.93,Yes,Yes,Fog,06:28:37,13:56:52,Bad
Nashik,22.64,2.96,N,8.73,46,Rain,1001.71,64.66,Yes,Yes,Hail,23:15:34,21:46:16,Medium
Mumbai,25.05,9.89,N,8.04,70,Snow,1010.52,81.91,No,Yes,None,06:27:28,00:31:23,Medium
Nashik,28.69,0.7,E,3.91,50,None,1000.45,17.68,No,Yes,Hail,08:17:04,22:47:16,Medium
Surat,-1.36,13.86,NE,8.6,16,Snow,998.7,19.14,No,Yes,None,00:05:47,01:26:36,Bad
Nashik,-8.23,11.92,NE,4.07,96,Snow,1023.26,44.42,Yes,Yes,None,16:35:01,20:31:24,Bad
Mumbai,26.25,11.95,E,6.16,24,None,1011.41,79.94,Yes,Yes,None,01:36:10,23:41:57,Good
Surat,19.13,2.54,W,9.57,67,None,1016.0,59.0,Yes,No,Fog,21:27:54,17:54:26,Medium
Nashik,-1.01,10.76,S,7.28,65,Snow,997.1,76.93,No,No,Hail,04:50:18,01:10:17,Medium
Nashik,20.12,13.52,S,5.45,84,Snow,1030.29,63.79,Yes,Yes,None,20:36:24,23:43:18,Bad
Pune,18.16,11.55,NE,1.94,3,None,1042.82,19.98,Yes,Yes,Fog,10:58:20,08:45:17,Good
Surat,-0.06,9.33,NE,2.49,70,Rain,1029.6,18.6,No,No,None,23:33:10,14:18:01,Medium
Pune,-8.79,1.27,N,7.45,93,Snow,1047.46,55.68,No,No,Hail,13:00:01,13:57:35,Bad
Surat,15.71,7.83,E,2.2,6,None,1045.41,70.64,Yes,Yes,Hail,09:23:15,22:45:26,Good
Pune,17.53,2.77,NE,2.75,59,Rain,992.29,0.21,No,Yes,Fog,14:04:33,10:41:42,Medium
Pune,1.14,6.85,NW,4.04,96,None,1004.22,5.05,Yes,No,Fog,23:27:55,05:24:35,Bad
Mumbai,-5.27,2.33,S,1.86,34,Snow,1019.18,59.23,No,No,Fog,17:40:15,16:25:56,Medium
Nashik,-1.04,18.04,NW,2.18,50,Rain,981.29,0.99,No,No,None,06:43:41,08:19:00,Medium
Mumbai,23.59,11.43,SW,5.84,24,Rain,1043.92,9.03,Yes,Yes,Hail,06:05:08,07:52:36,Bad
Mumbai,34.76,12.02,N,6.74,47,None,993.94,84.14,Yes,Yes,None,02:30:12,20:21:48,Medium
Pune,-9.46,17.18,S,8.67,16,Snow,1029.8,27.89,Yes,No,Fog,08:35:12,20:16:38,Bad
Pune,19.88,11.71,NW,9.82,15,Rain,1049.99,20.56,No,Yes,None,09:45:44,02:49:44,Bad
Pune,18.32,17.96,W,9.48,11,Rain,995.57,76.49,No,No,Fog,03:26:56,18:30:12,Bad
Nashik,33.96,15.97,W,1.18,41,None,1021.61,67.14,Yes,No,Hail,09:39:03,09:46:36,Medium
Mumbai,-4.37,6.63,N,2.82,86,None,1042.94,89.08,Yes,Yes,Fog,01:20:46,23:04:12,Bad
Nashik,24.14,11.33,NE,3.97,83,None,1042.84,89.78,Yes,No,Fog,09:27:53,14:29:14,Bad
Surat,-4.33,0.35,SE,8.47,57,Rain,1040.82,46.66,Yes,No,Hail,08:22:32,00:19:21,Medium
Nashik,28.6,2.68,NE,6.03,24,Rain,1020.28,24.26,No,Yes,Hail,21:09:45,10:48:32,Bad
Pune,27.19,2.51,N,7.69,20,Rain,1033.23,84.51,Yes,Yes,Hail,08:56:53,16:09:16,Bad
Mumbai,7.99,16.73,NW,1.57,49,Rain,993.51,54.98,Yes,Yes,Hail,07:22:57,07:37:36,Medium
Surat,25.34,8.04,SW,6.45,55,Snow,1030.55,49.2,No,No,Fog,02:29:13,22:50:42,Medium
Mumbai,-4.01,0.99,E,3.25,7,Rain,1011.09,38.26,Yes,Yes,Hail,18:19:25,17:26:16,Bad
Pune,26.3,11.42,NW,8.33,32,Rain,1010.2,78.91,Yes,Yes,Hail,15:59:23,02:09:17,Medium
Pune,32.39,2.23,N,3.11,96,Snow,1041.68,85.51,Yes,Yes,None,10:45:12,07:11:00,Bad
Nashik,14.19,4.48,SE,2.66,51,Rain,1032.95,77.77,Yes,No,None,05:34:06,00:49:45,Medium
Surat,-4.98,8.67,S,6.68,50,Snow,1005.71,31.85,Yes,Yes,Fog,22:08:31,19:02:25,Medium
Nashik,-9.96,16.78,NE,2.19,89,Rain,1040.7,16.73,Yes,Yes,Hail,16:19:11,08:14:50,Bad
Surat,17.8,0.62,E,6.07,79,Rain,1041.74,13.36,No,No,Fog,21:22:43,12:03:52,Bad
Nashik,2.03,0.24,SW,6.36,30,Rain,1048.14,70.39,Yes,No,None,00:26:14,09:26:14,Bad
Pune,3.18,12.09,W,5.31,39,None,1020.33,63.8,No,Yes,None,12:41:11,09:19:03,Medium
Pune,28.88,7.05,E,7.5,75,Snow,1039.86,44.33,Yes,Yes,None,09:03:56,07:59:10,Bad
Nashik,19.24,8.92,W,4.42,57,Rain,998.87,73.18,No,Yes,Hail,10:19:13,07:45:54,Medium
Mumbai,6.91,9.22,NW,7.89,37,None,990.49,80.0,Yes,Yes,Hail,20:02:09,23:40:14,Medium
Pune,23.12,0.93,W,3.63,35,Snow,1031.35,66.76,Yes,No,None,03:42:42,17:55:29,Medium
Surat,21.69,0.83,SE,4.31,42,None,1031.13,22.83,No,No,Fog,14:13:25,11:54:26,Medium
Surat,15.39,4.71,SE,4.74,38,Rain,1015.21,84.07,Yes,No,None,14:20:47,01:50:51,Medium
Mumbai,-7.79,11.09,N,7.68,66,None,997.06,87.28,Yes,No,Fog,10:51:03,23:47:15,Medium
Surat,32.88,6.27,N,2.83,58,Rain,1021.82,98.56,No,Yes,Hail,12:19:05,11:47:18,Medium
Surat,8.19,8.62,N,7.46,81,None,1008.94,90.03,Yes,Yes,None,14:06:18,05:02:02,Bad
Surat,18.9,9.79,SE,8.15,86,Rain,983.73,35.0,No,Yes,Hail,04:29:29,07:20:08,Bad
Surat,11.61,3.34,W,1.16,82,None,1007.13,22.07,No,No,Hail,21:28:17,09:41:28,Bad
Pune,14.94,8.1,S,1.22,28,Snow,1042.01,27.2,Yes,No,None,20:07:18,18:43:42,Bad
Pune,11.43,8.83,SW,8.42,88,Snow,1045.08,14.87,No,Yes,Hail,20:38:52,12:37:10,Bad
Pune,-8.4,13.22,E,8.6,57,None,1014.63,43.66,Yes,No,None,01:33:35,21:40:25,Medium
Nashik,1.98,6.45,NE,1.11,99,None,1042.39,64.59,Yes,No,Fog,00:25:02,13:09:06,Bad
Nashik,2.65,12.38,SW,2.91,25,Rain,1031.94,99.31,Yes,Yes,None,15:16:39,07:54:27,Bad
Surat,11.22,19.16,NE,1.96,14,Snow,991.03,95.59,No,Yes,Fog,00:23:38,05:48:50,Bad
Surat,-0.51,16.39,SW,4.38,17,None,1000.81,88.36,Yes,Yes,None,08:00:04,18:36:39,Good
Surat,4.32,6.83,SW,4.22,59,None,1037.19,77.47,Yes,Yes,Fog,08:50:41,11:06:33,Medium
Pune,27.6,10.65,E,3.32,7,Snow,1006.42,75.18,Yes,Yes,Hail,08:12:17,18:24:14,Bad
Pune,27.58,10.74,E,6.19,50,Rain,1043.42,24.93,No,No,Fog,11:20:01,18:51:44,Medium
Mumbai,7.66,9.43,SW,9.71,83,None,1034.2,95.59,No,No,None,23:53:09,16:35:05,Bad
Nashik,12.52,12.69,NE,6.3,14,Snow,1037.02,51.68,Yes,No,Hail,05:46:34,13:21:52,Bad
Pune,14.9,13.25,S,7.22,20,Snow,1023.95,81.56,Yes,Yes,Hail,05:14:09,18:51:55,Bad
Pune,-1.63,10.81,W,6.86,15,None,986.75,87.57,Yes,No,None,11:39:08,04:56:28,Good
Pune,8.02,2.73,NW,8.84,88,Rain,1046.21,9.55,No,Yes,Hail,00:02:39,02:08:25,Bad
Surat,16.26,9.51,NE,6.21,87,None,1012.57,5.14,Yes,Yes,Hail,01:05:15,07:25:37,Bad
Pune,13.91,2.42,NW,2.38,18,None,992.65,32.86,Yes,Yes,Hail,05:59:16,01:38:18,Good
Pune,11.39,13.98,SW,9.95,74,Snow,1049.54,91.28,No,No,Fog,13:19:37,17:51:36,Bad
Pune,31.94,3.64,E,9.77,51,None,1006.74,82.38,Yes,Yes,Fog,12:34:19,19:46:39,Medium
Mumbai,23.66,3.0,E,3.55,43,Snow,998.7,8.52,No,Yes,Hail,14:03:31,04:07:23,Medium
Mumbai,14.61,18.23,S,5.3,36,None,1022.46,6.27,No,Yes,Fog,10:18:45,15:53:10,Medium
Pune,18.53,5.01,NW,1.19,14,None,1023.3,25.5,Yes,Yes,Hail,20:08:38,08:50:55,Good
Pune,-8.97,4.38,E,2.62,80,Snow,1039.21,14.04,Yes,Yes,Fog,00:42:18,14:55:13,Bad
Pune,-9.96,19.59,W,1.79,54,Rain,995.24,94.44,No,Yes,Hail,00:56:19,01:58:53,Medium
Nashik,29.9,12.76,SE,3.4,88,None,1008.27,52.82,No,Yes,Fog,23:23:25,21:31:10,Bad
Nashik,22.0,17.54,S,3.68,62,Snow,1001.95,86.62,Yes,No,None,22:41:54,07:51:29,Medium
Surat,1.7,1.0,NW,2.12,1,Snow,981.46,39.21,No,No,None,22:29:37,04:15:04,Bad
Mumbai,2.43,4.93,NW,6.12,17,Rain,1027.94,83.89,Yes,Yes,Fog,18:22:43,02:52:12,Bad
Nashik,18.67,11.37,W,9.03,17,Rain,1021.31,93.0,No,Yes,Hail,06:35:07,21:41:27,Bad
Nashik,6.92,17.15,NE,1.22,3,Snow,1029.16,36.68,Yes,No,Hail,14:14:11,10:32:11,Bad
Nashik,-2.38,5.15,SE,5.84,96,None,984.16,95.46,Yes,Yes,Hail,13:38:45,22:52:22,Bad
Nashik,27.68,7.79,S,9.41,16,None,997.45,39.02,Yes,Yes,Fog,01:21:32,03:48:22,Good
Pune,31.87,1.3,NW,8.44,26,Snow,992.51,86.78,Yes,Yes,Fog,03:31:44,10:09:40,Bad
Surat,15.47,16.5,E,1.81,83,Rain,1025.01,91.09,No,Yes,None,01:59:46,03:27:53,Bad
Mumbai,11.86,5.3,W,1.07,99,Snow,999.21,90.59,No,No,Hail,17:40:16,12:07:05,Bad
Surat,34.42,16.86,S,8.12,54,Snow,1012.0,1.12,No,No,Fog,15:47:08,13:04:23,Medium
Pune,12.43,13.34,SE,2.51,39,Rain,992.0,44.41,Yes,Yes,Hail,23:52:13,01:16:24,Medium
Pune,9.95,6.36,NW,3.3,26,Snow,985.71,55.95,No,No,None,12:05:31,00:26:45,Bad
Mumbai,15.89,1.84,N,4.65,63,Rain,1042.17,29.73,No,No,Hail,21:11:45,22:02:58,Medium
Pune,4.26,3.64,SE,3.0,49,None,1002.64,64.7,Yes,Yes,None,12:01:32,12:41:38,Medium
Nashik,-0.73,9.04,E,1.72,5,Snow,1043.67,58.72,Yes,Yes,Fog,20:06:25,05:55:05,Bad
Pune,3.32,17.58,SE,5.87,23,Rain,1038.97,83.83,No,Yes,None,12:06:42,07:57:11,Bad
Nashik,-3.4,18.45,S,9.91,14,None,980.82,46.26,Yes,No,None,05:41:27,08:49:29,Good
Surat,-0.89,9.02,SW,8.76,13,Rain,1034.4,77.39,Yes,Yes,Fog,13:25:40,06:23:45,Bad
Pune,16.82,8.77,SW,9.3,46,None,981.3,38.84,Yes,Yes,Fog,12:04:30,01:47:15,Medium
Mumbai,-5.52,10.12,S,8.93,85,None,1044.86,75.14,Yes,No,None,06:36:16,09:46:32,Bad
Surat,26.49,15.7,NE,3.8,7,Snow,1006.68,95.33,Yes,Yes,Fog,15:45:21,00:01:26,Bad
Pune,-6.01,11.05,E,5.6,23,Rain,1010.04,31.3,Yes,Yes,Hail,06:32:31,15:20:18,Bad
Pune,-2.85,19.34,NW,3.16,21,Snow,1012.53,44.38,No,No,Fog,04:39:36,09:30:38,Bad
Mumbai,34.79,15.58,S,6.53,58,Rain,992.14,34.59,No,Yes,Hail,09:37:07,17:09:30,Medium
Pune,4.04,8.8,N,4.33,41,Rain,1043.15,91.05,Yes,Yes,Hail,11:25:57,14:42:47,Medium
Pune,3.46,0.83,NW,4.04,57,Snow,992.27,28.83,Yes,No,Hail,17:57:16,06:47:43,Medium
Surat,-4.17,1.37,E,7.74,90,Snow,1029.5,78.94,Yes,No,Hail,08:39:59,15:58:01,Bad
Surat,-4.4,18.11,S,6.89,69,Snow,1025.36,3.54,Yes,No,Hail,23:30:21,14:05:35,Medium
Surat,11.06,0.56,S,6.87,49,None,983.23,61.31,Yes,No,Fog,01:49:29,06:39:12,Medium
Mumbai,18.91,16.17,NW,5.61,26,None,1039.03,64.17,Yes,No,None,15:30:15,22:16:13,Good
Surat,21.6,0.83,S,2.72,96,Snow,1040.46,45.86,Yes,Yes,Hail,21:28:46,20:46:12,Bad
Pune,25.59,17.53,NW,1.4,66,Snow,1028.57,50.13,No,No,None,10:48:17,10:19:04,Medium
Nashik,-0.77,11.77,W,2.63,76,Rain,1041.77,27.6,No,Yes,Hail,02:22:46,08:28:04,Bad
Surat,-3.6,15.03,E,5.9,22,Snow,1032.52,90.07,Yes,No,Fog,04:54:18,15:33:49,Bad
Nashik,-4.85,0.74,NW,4.16,97,Rain,1005.64,30.59,No,No,None,00:24:48,10:36:01,Bad
Surat,-6.09,3.06,S,4.96,87,None,1003.12,93.22,No,Yes,Hail,14:52:19,01:44:13,Bad
Pune,0.15,9.75,S,3.87,18,Snow,1043.49,18.82,Yes,Yes,None,15:36:51,10:05:58,Bad
Surat,31.74,10.45,W,9.36,93,None,992.23,13.64,Yes,No,None,15:13:25,19:04:59,Bad
Mumbai,0.3,3.28,E,2.75,23,Snow,1048.42,21.74,Yes,No,None,08:34:21,19:55:07,Bad
Surat,27.55,18.27,S,7.53,31,None,1048.27,27.73,Yes,Yes,Hail,21:29:17,03:52:51,Medium
Mumbai,4.1,18.37,E,7.78,35,None,1026.48,55.99,No,No,None,14:47:21,18:10:55,Medium
Surat,20.19,3.25,W,3.32,29,Snow,984.36,91.15,No,No,Hail,04:51:22,20:24:34,Bad
Pune,29.49,7.11,S,7.94,55,Snow,1039.65,82.25,Yes,Yes,Fog,00:13:03,14:53:46,Medium
Mumbai,26.47,5.56,NE,2.2,9,Snow,995.76,78.12,No,No,None,23:30:50,20:04:40,Bad
Nashik,5.1,11.78,N,7.23,10,Rain,1021.43,65.37,No,Yes,Fog,09:45:42,09:05:26,Bad
Surat,6.22,17.29,NW,8.99,2,Snow,1033.79,75.93,No,No,Fog,03:56:16,18:54:33,Bad
Mumbai,32.89,9.05,NW,8.79,14,None,1014.37,55.41,No,No,Hail,03:56:04,09:11:14,Good
Surat,-8.08,1.17,N,2.88,89,Rain,981.6,21.44,Yes,Yes,Hail,03:57:03,16:37:05,Bad
Surat,2.94,4.2,NW,5.17,43,None,1035.13,25.75,Yes,No,Hail,03:16:11,13:14:13,Medium
Mumbai,24.48,10.23,NE,6.48,74,None,1042.76,15.92,No,No,Hail,18:51:11,22:34:03,Bad
Mumbai,23.83,8.07,E,6.92,44,None,995.3,32.32,No,No,Fog,19:57:17,08:34:49,Medium
Nashik,3.0,5.14,W,6.03,87,Snow,1047.22,34.4,No,No,Hail,22:13:37,08:08:04,Bad
Surat,-6.77,7.07,N,2.58,2,Snow,1027.67,68.02,Yes,Yes,Fog,02:11:10,14:13:05,Bad
Mumbai,-2.86,9.96,SE,9.8,97,None,989.81,87.95,No,No,Hail,02:50:30,21:59:00,Bad
Mumbai,5.44,7.67,S,1.17,5,None,1026.8,0.68,No,Yes,Hail,06:10:48,17:48:37,Good
Nashik,-3.78,6.83,N,9.54,85,Snow,981.22,41.95,Yes,Yes,Hail,07:34:41,03:18:29,Bad
Mumbai,5.03,0.51,S,5.81,59,Rain,997.2,57.96,Yes,Yes,Fog,21:22:16,02:13:33,Medium
Mumbai,12.49,2.03,NE,3.71,96,Rain,985.25,15.32,Yes,Yes,Fog,05:26:12,14:32:31,Bad
Surat,-1.65,18.68,E,3.86,6,None,1045.64,5.23,Yes,No,Hail,02:03:40,12:27:50,Good
Mumbai,15.79,12.05,SE,4.35,51,None,1015.43,14.3,Yes,No,Hail,12:44:40,04:53:06,Medium
Surat,11.13,2.32,N,4.69,39,None,1037.18,88.73,Yes,Yes,None,18:08:36,09:17:21,Medium
Surat,34.37,16.94,E,5.25,16,Snow,1041.19,52.0,Yes,No,Fog,01:47:38,03:24:11,Bad
Pune,9.98,2.67,NE,8.28,17,None,1008.52,1.61,No,No,Fog,09:31:48,21:01:08,Good
Nashik,30.07,7.82,NE,1.19,77,Rain,998.34,73.92,No,Yes,Hail,02:23:04,04:31:15,Bad
Surat,21.98,1.24,SE,7.44,39,Rain,983.49,10.94,Yes,Yes,None,02:49:41,07:28:30,Medium
Pune,32.84,8.35,E,9.07,86,Snow,1028.75,88.09,No,Yes,Fog,10:38:14,21:52:56,Bad
Nashik,-1.46,10.79,SE,3.29,28,Snow,1028.33,69.6,No,Yes,None,13:26:54,22:38:34,Bad
Mumbai,15.67,1.66,NW,1.54,56,Rain,986.02,28.03,No,No,Hail,21:13:48,02:37:41,Medium
Mumbai,22.31,0.06,E,1.04,68,None,1007.86,11.78,No,No,Hail,04:01:31,23:42:35,Medium
Pune,5.57,17.15,W,1.75,63,Rain,997.25,98.57,Yes,No,None,18:19:49,09:03:34,Medium
Nashik,14.59,11.84,SE,1.52,1,None,1010.03,58.99,No,No,None,10:35:30,10:57:06,Good
Pune,5.45,19.11,E,6.15,26,Snow,981.99,20.7,Yes,No,Hail,03:27:35,16:42:09,Bad
Surat,28.71,6.71,NW,4.8,61,Rain,986.82,30.71,No,Yes,Hail,10:16:20,18:05:36,Medium
Mumbai,4.9,19.08,N,7.62,76,Rain,1008.1,42.99,Yes,No,Fog,23:52:03,09:30:07,Bad
Nashik,-4.7,6.27,W,9.18,50,Rain,1002.02,20.13,No,Yes,Hail,09:56:56,12:40:07,Medium
Pune,-6.14,19.36,NE,9.52,98,Snow,1014.89,36.33,Yes,No,Fog,08:57:11,17:51:03,Bad
Mumbai,18.37,17.52,NW,2.17,78,Rain,1028.01,76.07,Yes,Yes,None,23:08:23,18:45:37,Bad
Mumbai,-3.62,10.87,E,6.68,66,Rain,993.75,29.51,No,No,None,01:26:32,16:20:20,Medium
Mumbai,26.88,10.02,W,7.85,37,Snow,1031.19,18.09,No,Yes,Hail,16:32:33,18:58:30,Medium
Mumbai,12.41,7.3,SE,6.17,14,None,998.56,41.92,Yes,No,Hail,19:18:13,17:22:15,Good
Nashik,-0.3,2.48,SW,4.63,79,Rain,1011.1,34.24,Yes,No,Fog,09:42:42,00:20:08,Bad
Mumbai,-7.89,7.27,W,7.32,23,Snow,982.15,71.89,No,No,Fog,20:14:44,17:40:04,Bad
Pune,9.52,14.8,SE,5.48,18,None,1020.4,23.37,No,No,Hail,10:37:37,06:03:15,Good
Surat,28.22,19.14,W,8.56,79,None,1032.2,46.94,No,No,None,07:56:31,04:54:36,Bad
Pune,4.87,19.39,S,1.91,89,Snow,1013.37,8.18,Yes,Yes,Fog,00:00:39,20:32:26,Bad
Nashik,33.18,10.91,N,2.5,71,Snow,1015.45,84.28,Yes,Yes,Fog,14:59:22,10:00:00,Bad
Mumbai,-7.67,19.29,SW,6.35,97,Snow,998.26,21.68,No,No,Hail,05:35:31,10:05:15,Bad
Nashik,14.47,8.01,SW,4.53,24,Rain,986.75,57.59,No,Yes,Hail,21:04:21,18:22:38,Bad
Surat,28.48,13.9,E,3.18,4,Rain,1026.28,67.29,No,No,Hail,22:18:56,00:11:21,Bad
Nashik,7.79,7.15,NW,1.33,19,Snow,1020.36,91.84,Yes,No,None,03:08:43,21:37:27,Bad
Mumbai,-4.29,8.7,NW,5.05,10,Rain,993.48,42.46,Yes,No,Hail,23:40:45,22:39:28,Bad
Surat,7.82,7.58,W,3.12,64,Rain,1026.01,1.31,Yes,Yes,None,07:58:12,15:40:28,Medium
Mumbai,6.48,2.0,S,2.23,18,Snow,1028.1,1.51,Yes,No,Fog,07:23:33,04:25:45,Bad
Nashik,19.03,4.95,S,2.93,78,None,1002.27,88.41,No,Yes,Fog,19:34:58,12:28:34,Bad
Nashik,-2.96,14.82,W,4.63,85,Snow,1015.87,15.9,No,No,None,23:46:38,09:47:27,Bad
Pune,6.03,13.48,E,9.99,21,None,1022.36,13.96,No,No,Fog,01:03:30,03:33:33,Good
Mumbai,5.01,19.38,N,1.28,2,None,984.06,32.26,Yes,No,Fog,11:26:26,15:20:04,Good
Nashik,18.95,18.16,NE,1.43,71,None,1022.71,98.95,Yes,Yes,Hail,15:40:11,06:05:49,Bad
Nashik,21.66,3.48,N,4.39,100,Rain,1031.38,93.93,Yes,No,None,10:25:16,10:22:31,Bad
Mumbai,33.44,16.43,W,4.33,60,Snow,1030.0,16.77,Yes,No,Hail,15:56:29,16:05:49,Medium
Surat,27.03,8.71,W,8.37,54,Rain,1020.53,51.36,No,No,None,06:47:56,13:10:29,Medium
Surat,-7.91,0.23,NW,2.77,27,None,1016.63,60.19,Yes,Yes,Fog,07:08:16,07:02:11,Good
Nashik,5.54,10.71,NE,7.15,93,None,1009.64,99.08,No,Yes,Hail,18:42:21,02:47:22,Bad
Mumbai,17.3,5.29,NE,9.16,81,Snow,1030.53,16.71,Yes,Yes,Fog,05:45:22,16:29:27,Bad
Surat,-8.84,3.67,W,8.65,34,Rain,1042.53,86.18,Yes,Yes,Hail,13:16:01,22:39:27,Medium
Surat,2.96,17.63,NW,6.86,34,Rain,1006.05,85.57,Yes,Yes,Hail,16:15:34,12:23:18,Medium
Nashik,29.13,0.86,NE,8.24,96,Snow,1028.18,70.35,No,Yes,Hail,07:03:17,18:38:27,Bad
Pune,2.19,16.19,SE,9.84,57,None,998.6,74.04,No,Yes,None,10:08:27,09:52:28,Medium
Pune,28.56,1.5,W,1.72,59,Rain,1013.89,28.54,No,Yes,None,16:18:06,03:40:29,Medium
Nashik,7.84,12.59,E,8.26,33,Snow,1036.61,36.84,Yes,Yes,None,20:14:04,05:50:32,Medium
Surat,18.69,6.11,N,3.59,76,Snow,1027.27,81.58,Yes,Yes,Hail,21:29:43,20:40:55,Bad
Mumbai,-5.85,15.11,NE,9.8,25,None,980.77,7.26,No,Yes,Hail,03:05:31,06:45:30,Good
Nashik,-2.83,8.58,W,1.59,60,Snow,981.19,49.51,No,No,Fog,05:13:49,15:40:47,Medium
Nashik,-5.45,10.03,NE,3.9,52,Snow,1035.37,16.08,Yes,No,Fog,15:49:39,09:39:57,Medium
Surat,3.34,13.14,N,5.82,99,Snow,1019.98,38.76,No,No,Hail,06:49:20,11:08:46,Bad
Mumbai,-3.95,4.75,S,3.27,82,None,1005.16,92.48,Yes,Yes,None,03:56:54,23:35:21,Bad
Nashik,-7.57,5.14,SE,2.91,93,Snow,995.49,85.97,Yes,No,None,08:35:33,12:04:42,Bad
Pune,0.41,6.32,S,3.56,28,Snow,1021.65,17.94,Yes,No,Fog,10:36:13,06:50:32,Bad
Surat,16.27,8.69,SW,2.84,59,Rain,1014.16,63.29,No,Yes,Fog,17:11:01,00:00:38,Medium
Nashik,17.25,9.67,NE,8.77,16,Snow,1002.64,8.61,Yes,No,Fog,19:20:35,11:03:13,Bad
Mumbai,13.1,12.63,E,2.34,93,Snow,1014.94,15.16,No,No,Fog,03:06:09,23:46:50,Bad
Surat,25.96,11.37,NW,7.39,33,Snow,1040.78,29.08,Yes,Yes,Hail,09:52:35,16:20:51,Medium
Surat,22.95,11.51,N,9.78,78,Snow,1034.94,81.89,No,No,None,14:33:23,14:27:01,Bad
Mumbai,3.65,16.9,E,7.96,96,Snow,1022.37,5.01,No,No,Hail,01:33:30,03:56:15,Bad
Nashik,13.12,15.02,W,2.82,82,Rain,1018.48,67.05,No,Yes,None,13:05:05,13:01:02,Bad
Pune,6.84,18.29,NE,5.08,81,Rain,1007.59,93.66,Yes,Yes,Fog,14:24:30,08:08:23,Bad
Pune,26.8,1.79,NW,2.19,35,None,1005.76,79.05,No,No,None,11:15:39,15:42:23,Medium
Nashik,34.03,8.8,W,9.29,21,Snow,995.05,40.28,Yes,Yes,Fog,19:36:14,05:59:43,Bad
Surat,32.63,6.36,SE,8.97,0,None,1026.42,30.14,Yes,Yes,Hail,13:27:33,21:43:27,Good
Pune,24.04,15.75,NE,2.44,77,Snow,1031.52,73.23,Yes,Yes,Hail,01:42:21,21:16:08,Bad
Pune,30.22,17.41,S,3.57,51,Snow,1004.94,77.27,No,Yes,Fog,08:41:55,05:57:27,Medium
Mumbai,9.44,2.4,N,9.44,9,Rain,1029.38,90.43,Yes,No,Fog,03:05:30,14:06:36,Bad
Mumbai,28.36,10.8,S,1.99,17,Snow,1021.23,59.32,No,Yes,None,04:13:54,11:56:22,Bad
Pune,9.54,5.05,E,9.26,53,Snow,997.05,20.07,No,No,Fog,20:56:55,16:38:07,Medium
Mumbai,29.91,7.57,NE,2.87,31,None,987.45,49.36,No,No,Hail,13:01:49,03:58:14,Medium
Nashik,9.64,16.33,W,4.12,50,Snow,981.61,50.39,Yes,Yes,Fog,18:34:17,08:03:21,Medium
Mumbai,33.01,7.93,N,9.22,83,Rain,1026.7,87.1,Yes,No,Hail,07:46:37,13:44:17,Bad
Surat,21.25,4.92,NW,5.15,49,Rain,1000.25,95.95,No,Yes,Hail,00:59:15,00:15:09,Medium
Surat,27.3,15.73,S,5.76,65,Snow,985.29,8.54,No,No,Hail,06:12:52,21:36:56,Medium
Surat,-3.7,10.04,S,2.85,40,None,1024.87,26.22,No,Yes,Hail,06:39:43,21:11:54,Medium
Surat,24.09,16.28,NE,1.59,35,Snow,992.9,83.35,No,Yes,Hail,19:39:50,07:15:30,Medium
Nashik,32.96,2.42,N,9.55,98,Rain,985.66,79.75,Yes,Yes,Hail,00:23:32,17:56:31,Bad
Nashik,34.53,9.49,SE,4.07,92,Snow,995.86,41.99,No,No,Fog,16:15:49,17:58:57,Bad
Nashik,9.85,1.51,NE,5.36,47,None,1022.76,99.0,Yes,Yes,None,18:16:57,15:19:49,Medium
Surat,14.24,12.82,E,4.24,31,Snow,982.13,58.05,Yes,No,None,16:12:36,04:27:28,Medium
Nashik,12.88,13.9,S,5.81,87,Snow,981.56,30.83,Yes,Yes,Fog,03:49:54,07:06:01,Bad
Mumbai,29.73,5.82,N,6.38,88,Rain,1012.61,65.0,No,Yes,None,14:46:26,17:14:01,Bad
Surat,7.68,8.15,SW,2.98,48,Rain,1007.35,9.74,No,Yes,None,19:48:10,01:08:57,Medium
Mumbai,11.99,12.16,N,8.56,10,None,1046.67,24.34,Yes,No,Hail,03:31:31,23:32:10,Good
Surat,29.42,19.78,W,3.72,44,Rain,1038.82,82.01,Yes,Yes,Fog,05:32:56,02:02:13,Medium
Surat,29.82,16.18,NE,9.71,83,Rain,989.73,18.87,Yes,No,Fog,06:53:07,18:59:39,Bad
Mumbai,30.02,4.26,SE,4.58,64,Rain,987.81,55.38,Yes,No,None,13:12:57,17:16:47,Medium
Pune,10.74,9.57,NW,1.56,49,Snow,1000.59,84.02,Yes,No,Hail,02:36:14,17:35:23,Medium
Surat,16.78,2.46,N,2.1,6,Snow,1006.8,29.39,Yes,Yes,Fog,16:30:23,05:51:52,Bad
Mumbai,-4.81,10.32,S,6.51,68,None,996.48,98.51,No,Yes,Fog,01:28:00,08:02:38,Medium
Surat,30.67,6.22,SW,7.18,13,Snow,1009.38,61.11,No,No,Hail,03:46:26,15:56:15,Bad
Mumbai,-4.74,9.91,E,1.06,55,None,992.72,39.1,No,No,Hail,16:31:31,06:42:36,Medium
Mumbai,28.84,3.97,E,5.21,73,Snow,1042.27,53.38,Yes,No,None,01:42:23,01:26:00,Bad
Pune,34.56,12.8,NW,6.77,11,Rain,1030.5,1.11,No,No,None,00:10:18,16:45:54,Bad
Nashik,22.88,15.37,NW,7.32,81,Rain,1032.24,82.02,No,No,Fog,23:43:12,10:49:56,Bad
Pune,19.39,18.59,SW,6.92,87,None,1015.31,76.13,Yes,No,Hail,09:16:36,08:33:59,Bad
Pune,17.78,4.07,W,8.07,98,Rain,1001.1,29.99,No,Yes,Fog,18:35:27,21:37:53,Bad
Pune,10.68,19.34,N,8.74,65,None,1019.79,92.78,No,No,Fog,10:47:39,13:36:31,Medium
Pune,5.38,2.24,E,2.89,94,Rain,985.01,84.16,No,No,None,05:30:08,07:12:55,Bad
Pune,14.78,15.25,NW,8.84,67,Snow,990.12,16.86,Yes,Yes,Hail,01:00:28,19:19:55,Medium
Pune,4.11,19.43,S,5.2,7,Rain,1016.77,80.89,Yes,No,Fog,13:51:15,05:04:56,Bad
Pune,2.42,11.18,SW,4.15,70,None,1002.23,47.7,No,No,Hail,17:04:32,18:17:17,Medium
Mumbai,16.71,2.63,W,7.17,33,None,1018.27,41.13,Yes,Yes,Hail,17:12:15,00:03:34,Medium
Pune,19.32,12.74,NE,6.48,100,Snow,1032.71,37.52,No,Yes,Fog,14:01:11,10:16:13,Bad
Nashik,31.5,6.92,NW,1.92,100,Rain,1023.02,14.74,Yes,Yes,Fog,23:47:01,22:19:04,Bad
Mumbai,26.31,3.81,SW,6.92,6,Snow,1033.65,39.85,Yes,No,Fog,04:36:48,22:45:37,Bad
Surat,6.27,10.42,S,5.04,56,None,1038.79,55.19,No,No,Hail,14:45:18,22:58:15,Medium
Surat,20.88,7.95,SE,9.15,12,None,1005.05,3.69,Yes,Yes,None,22:24:09,21:57:29,Good
Mumbai,4.64,6.75,E,4.19,56,Snow,1045.44,17.18,Yes,Yes,Hail,00:34:16,17:50:34,Medium
Mumbai,-7.8,4.53,NE,9.3,57,Rain,1003.26,17.33,No,No,None,12:02:53,00:38:11,Medium
Nashik,30.86,10.12,N,7.42,91,Rain,982.75,84.96,Yes,Yes,Hail,19:10:23,21:19:03,Bad
Mumbai,15.51,18.79,NW,6.65,33,Snow,1029.05,4.79,No,Yes,Fog,03:56:50,15:21:43,Medium
Pune,11.36,9.42,SW,9.69,3,None,1010.96,74.85,Yes,Yes,Hail,07:22:32,04:58:18,Good
Mumbai,5.07,11.5,SW,4.4,9,Rain,1045.83,73.23,Yes,No,Hail,08:51:32,06:32:34,Bad
Mumbai,29.61,19.21,W,2.1,26,Snow,1011.11,76.6,No,Yes,Hail,17:51:19,01:15:23,Bad
Pune,4.65,7.24,W,3.6,66,Rain,1036.43,43.4,Yes,Yes,Hail,01:18:44,01:22:25,Medium
Surat,-3.66,1.41,E,7.7,51,Rain,1000.5,7.95,No,Yes,Fog,15:11:58,20:52:09,Medium
Pune,-2.93,13.42,NE,7.11,47,Rain,1032.55,70.78,Yes,Yes,Hail,19:31:03,23:55:33,Medium
Pune,18.92,18.2,NW,4.1,14,None,984.82,48.99,No,Yes,Hail,23:50:35,09:59:37,Good
Surat,6.52,7.01,W,5.47,99,Snow,1014.24,53.76,No,Yes,Fog,05:52:16,20:00:46,Bad
Surat,12.57,16.8,SW,1.88,28,Snow,1019.4,94.74,No,No,Hail,06:03:29,19:15:26,Bad
Pune,20.35,19.08,SE,5.34,90,Rain,1011.2,91.08,Yes,Yes,Fog,05:03:56,05:24:33,Bad
Surat,15.46,7.46,W,6.3,48,Snow,1042.14,45.37,No,No,Fog,20:26:49,20:37:38,Medium
Pune,25.66,14.95,E,9.47,14,Rain,1003.58,20.01,Yes,Yes,Fog,07:28:20,16:24:25,Bad
Nashik,19.02,12.11,SW,5.84,50,None,995.81,74.66,Yes,No,Hail,19:15:50,17:55:10,Medium
Nashik,-6.99,15.75,N,5.37,48,None,991.86,20.07,Yes,No,Fog,14:36:55,04:55:57,Medium
Mumbai,27.34,8.28,NW,9.14,38,Snow,980.96,37.55,No,Yes,None,11:15:06,02:41:09,Medium
Mumbai,4.41,11.09,E,9.53,34,None,1042.08,30.64,Yes,Yes,Hail,14:36:44,14:27:25,Medium
Surat,29.46,8.23,N,5.49,16,Rain,1001.29,37.23,No,Yes,None,01:17:15,01:34:44,Bad
Surat,28.51,15.87,NW,3.96,22,Snow,1042.74,76.93,No,Yes,Fog,02:47:26,06:22:38,Bad
Pune,15.24,1.96,SW,1.01,28,Rain,1032.41,86.63,Yes,Yes,None,21:03:31,10:41:23,Bad
Mumbai,4.84,13.99,E,4.81,42,Snow,1032.36,80.49,No,Yes,Fog,20:00:20,18:30:10,Medium
Surat,22.9,19.43,SE,8.73,77,None,1015.34,87.59,No,No,Fog,09:48:55,16:31:44,Bad
Pune,7.27,7.5,S,6.64,92,Snow,986.49,4.66,Yes,Yes,None,01:33:36,10:22:34,Bad
Surat,-0.55,15.1,SE,9.01,76,None,1036.65,23.19,Yes,No,Fog,06:29:41,22:01:49,Bad
Surat,-5.62,14.31,NW,3.06,98,Snow,988.77,9.86,Yes,No,Fog,02:52:53,15:45:08,Bad
Mumbai,19.81,15.03,NW,5.93,25,None,1049.36,41.0,Yes,No,None,08:32:29,16:20:29,Good
Pune,20.47,5.92,SE,3.33,35,Snow,1003.85,76.19,No,No,Hail,09:33:00,09:15:53,Medium
Pune,7.78,13.94,NE,1.69,71,Snow,988.13,0.88,No,No,None,10:08:03,21:32:36,Bad
Surat,19.49,2.91,E,3.49,23,Snow,1030.32,40.42,No,Yes,Hail,14:19:44,19:23:09,Bad
Mumbai,5.64,8.27,SW,9.43,87,None,980.5,81.97,No,Yes,Fog,00:08:00,05:33:39,Bad
Nashik,15.83,15.88,NW,4.19,59,None,1024.71,38.66,Yes,No,Fog,23:25:58,11:21:26,Medium
Pune,-0.55,19.39,SW,3.83,59,None,1013.47,60.3,No,Yes,None,15:29:31,14:36:14,Medium
Pune,19.75,0.04,NE,3.66,76,Snow,988.41,23.99,No,Yes,None,04:51:46,10:12:23,Bad
Pune,29.27,15.63,SW,8.79,36,Rain,1044.9,59.92,Yes,No,Fog,17:54:00,12:57:36,Medium
Mumbai,26.96,13.63,W,9.96,69,None,982.58,61.92,No,Yes,Hail,09:11:36,13:45:52,Medium
Surat,31.9,0.08,SW,1.95,62,Rain,1014.16,26.43,Yes,No,Hail,17:00:24,18:10:45,Medium
Surat,21.48,1.24,N,3.25,22,Snow,992.61,4.26,Yes,Yes,Hail,20:42:24,05:48:59,Bad
Nashik,29.13,9.31,N,3.02,54,None,1013.04,51.0,No,No,Fog,03:26:49,22:30:27,Medium
Mumbai,22.94,12.74,E,2.37,84,Snow,1022.21,73.3,No,Yes,Fog,14:00:52,02:26:13,Bad
Nashik,-7.77,7.44,SE,8.21,73,Snow,1018.25,79.32,No,Yes,Fog,15:24:41,09:32:49,Bad
Surat,-2.58,16.78,E,8.75,71,Rain,1016.03,87.76,Yes,Yes,Hail,23:12:19,05:58:58,Bad
Pune,1.52,3.56,SE,5.02,10,Rain,1035.19,56.5,No,No,Fog,00:40:35,19:25:36,Bad
Surat,27.81,11.33,S,5.88,19,Snow,1020.43,12.94,No,No,Hail,08:19:21,15:34:16,Bad
Surat,-3.12,9.12,SW,9.75,37,None,986.3,24.21,Yes,No,Hail,07:39:02,18:29:37,Medium
Mumbai,13.71,16.63,NW,7.87,77,Rain,1015.61,65.49,Yes,Yes,None,06:21:47,04:06:03,Bad
Nashik,1.81,6.3,SW,1.5,6,Snow,984.99,82.71,No,Yes,Fog,04:09:46,02:11:27,Bad
Nashik,23.48,7.58,W,3.67,97,None,1035.32,21.14,Yes,No,Hail,11:39:30,00:35:15,Bad
Pune,1.29,12.71,S,7.19,67,None,980.44,0.73,Yes,No,Hail,20:12:34,10:38:46,Medium
Surat,22.96,11.88,E,3.5,97,Rain,983.46,48.94,Yes,No,Hail,11:45:57,07:19:21,Bad
Pune,32.2,13.86,E,6.52,35,None,1001.92,31.9,Yes,Yes,Hail,20:30:30,19:27:16,Medium
Surat,31.81,8.15,SE,1.45,88,None,1040.91,19.01,Yes,No,Hail,11:52:47,00:10:08,Bad
Mumbai,-7.0,11.95,NE,2.81,72,Rain,1041.99,84.63,Yes,Yes,Fog,19:34:29,12:45:54,Bad
Pune,34.43,14.47,NE,9.53,22,None,998.87,89.26,No,Yes,None,23:01:00,22:27:17,Good
Nashik,-0.3,14.36,SE,5.28,80,None,1003.02,31.67,No,Yes,Hail,07:18:23,07:53:16,Bad
Surat,2.47,0.84,NE,2.9,84,Rain,991.77,33.9,Yes,Yes,Hail,21:56:42,02:02:51,Bad
Mumbai,2.34,5.91,NE,2.98,71,Rain,1012.4,30.74,Yes,No,Hail,22:00:38,12:14:38,Bad
Nashik,15.5,4.12,NW,2.96,4,Snow,997.42,41.67,No,Yes,Hail,16:17:32,15:31:23,Bad
Nashik,24.88,11.74,NW,7.53,61,Rain,1042.22,26.61,Yes,No,Fog,10:26:56,01:42:36,Medium
Pune,24.41,15.66,SE,3.05,1,Snow,987.73,51.19,No,No,Hail,15:05:14,04:54:19,Bad
Nashik,5.35,15.93,NE,9.05,74,None,1009.77,28.41,No,No,Hail,19:27:53,09:33:25,Bad
Mumbai,34.49,12.77,NW,6.44,60,Rain,1030.41,61.98,No,No,Hail,19:56:55,08:44:35,Medium
Nashik,18.51,0.06,SW,6.51,10,None,984.39,87.88,No,No,Fog,10:47:45,18:41:23,Good
Pune,17.7,5.42,NE,9.33,25,None,987.49,45.95,No,Yes,Hail,01:53:35,22:55:46,Good
Surat,-3.58,19.13,S,2.58,14,Rain,988.78,56.83,No,Yes,Fog,16:55:41,03:46:54,Bad
Pune,20.34,0.62,E,9.89,29,Rain,998.96,71.57,No,No,Fog,05:28:09,07:10:14,Bad
Nashik,27.37,7.9,W,9.34,88,Snow,1005.02,29.99,No,No,Hail,20:07:55,10:37:44,Bad
Nashik,15.77,0.08,N,1.28,49,Snow,997.54,60.87,No,Yes,Hail,06:33:07,19:34:16,Medium
Nashik,16.36,17.05,N,1.53,70,Snow,993.42,69.98,Yes,Yes,Fog,15:59:01,23:57:48,Medium
Nashik,23.97,1.36,NW,9.61,65,Rain,1032.08,60.32,No,Yes,Fog,11:49:25,17:47:54,Medium
Surat,-6.99,9.1,W,2.3,5,Rain,988.86,50.59,No,Yes,Fog,16:58:03,23:57:22,Bad
Pune,26.24,8.47,S,5.03,38,Snow,1000.99,18.29,No,No,Fog,01:23:12,21:21:02,Medium
Surat,8.02,14.32,SE,1.44,68,Rain,1005.71,23.87,No,No,Fog,13:56:36,13:39:55,Medium
Nashik,34.01,16.35,S,1.63,6,Rain,1029.22,84.23,Yes,No,Fog,10:42:51,08:18:35,Bad
Pune,20.5,13.27,SE,2.46,38,Rain,1022.87,87.99,Yes,No,Hail,21:38:59,00:20:10,Medium
Mumbai,-4.14,17.3,N,9.15,24,Snow,1025.29,15.04,No,No,Hail,07:54:24,07:50:32,Bad
Pune,13.67,16.4,W,3.47,46,None,1001.33,11.27,Yes,Yes,Fog,04:47:41,23:43:07,Medium
Pune,24.75,2.03,S,4.52,46,None,1043.42,1.39,Yes,Yes,Hail,08:35:06,09:10:33,Medium
Pune,8.89,12.58,W,7.2,5,None,1019.83,47.02,No,No,Fog,01:53:27,16:06:34,Good
Nashik,24.39,10.79,NE,5.95,69,Rain,1022.3,59.41,No,No,None,19:00:17,18:50:23,Medium
Nashik,12.54,2.95,S,5.43,9,None,1011.29,3.23,No,No,None,15:02:56,17:02:22,Good
Mumbai,4.45,15.4,SE,1.52,45,Rain,1035.61,95.83,No,Yes,Fog,09:10:07,19:49:38,Medium
Mumbai,33.44,2.97,NE,1.55,39,None,1047.42,46.63,No,No,Fog,12:22:36,20:34:30,Medium
Nashik,25.51,0.62,SE,6.91,59,None,1036.6,20.96,Yes,No,None,17:47:54,01:56:23,Medium
Pune,-2.49,6.62,SE,4.93,84,Snow,1005.49,27.24,Yes,No,Hail,21:44:53,06:43:51,Bad
Mumbai,-7.85,2.36,S,6.8,64,Rain,1039.99,76.31,No,No,None,07:20:45,07:08:21,Medium
Mumbai,8.37,17.44,S,5.58,82,Snow,1020.75,55.47,No,Yes,Fog,11:38:20,04:06:15,Bad
Surat,6.38,9.56,N,6.11,54,None,1027.24,16.98,Yes,Yes,Hail,17:51:56,22:50:11,Medium
Nashik,14.77,1.49,N,5.87,47,Rain,1000.16,81.7,No,Yes,None,21:25:42,13:00:35,Medium
Surat,-0.39,8.12,NW,9.06,13,None,1019.25,91.95,Yes,No,Hail,19:18:24,22:01:43,Good
Mumbai,25.18,1.05,SW,1.78,43,None,1003.8,97.47,No,No,Fog,01:01:10,03:46:57,Medium
Pune,-0.78,15.21,E,6.34,3,Snow,1006.11,7.57,No,No,None,07:10:14,15:19:10,Bad
Nashik,-5.8,14.34,NE,8.75,59,None,989.15,42.21,No,No,None,17:31:22,12:14:02,Medium
Surat,1.94,10.9,S,7.0,45,None,1034.44,11.04,No,No,Fog,01:10:48,09:15:41,Medium
Pune,18.2,19.81,SE,1.11,23,Rain,1020.93,9.53,Yes,No,None,06:25:39,21:11:29,Bad
Mumbai,-2.31,1.1,SE,4.2,10,None,1045.19,21.02,No,No,Fog,14:45:00,21:35:49,Good
Mumbai,4.42,11.66,S,7.36,9,None,1015.33,87.66,No,Yes,None,18:14:14,02:02:03,Good
Nashik,28.7,7.58,W,4.64,14,Rain,984.47,4.66,No,No,None,11:37:37,17:23:33,Bad
Surat,14.37,9.77,N,6.92,67,Rain,1004.43,12.31,No,Yes,None,08:58:44,11:02:35,Medium
Pune,25.4,5.19,NW,8.32,2,Snow,1016.03,65.22,Yes,No,Fog,20:01:44,00:43:06,Bad
Surat,27.71,12.72,E,2.58,73,Snow,995.09,26.96,No,No,Hail,10:52:08,21:00:10,Bad
Nashik,14.93,2.06,W,8.3,77,Rain,984.41,86.47,No,No,None,12:22:25,10:31:17,Bad
Nashik,20.65,16.17,W,4.51,37,None,991.24,1.01,No,No,None,16:50:13,21:17:06,Medium
Surat,16.19,7.56,S,2.36,77,Rain,1032.21,89.09,Yes,Yes,Hail,22:42:45,18:20:11,Bad
Mumbai,-8.45,8.01,W,1.25,97,None,1047.94,96.98,Yes,No,None,03:27:42,21:09:06,Bad
Pune,24.16,3.39,N,1.52,97,Snow,1036.45,84.87,Yes,Yes,Hail,18:01:27,18:23:16,Bad
Nashik,8.74,9.08,E,7.72,22,Snow,1013.25,54.14,No,Yes,Hail,08:41:49,07:34:01,Bad
Mumbai,0.6,1.41,S,1.16,38,None,1037.49,12.86,No,No,None,00:32:45,03:07:40,Medium
Nashik,17.45,3.42,S,7.6,5,Snow,1012.52,95.35,Yes,Yes,None,08:52:58,11:02:51,Bad
Nashik,-9.79,19.98,NW,9.26,56,Snow,986.69,32.63,Yes,Yes,Hail,01:30:27,08:29:36,Medium
Pune,-7.7,10.32,E,7.51,96,Snow,994.34,47.95,No,No,Fog,15:31:26,13:51:34,Bad
Pune,-8.37,10.79,NE,2.78,70,Rain,982.24,89.2,No,Yes,None,17:42:01,12:45:44,Medium
Nashik,15.24,9.23,SE,2.93,90,Rain,991.06,71.44,No,Yes,Fog,04:05:33,08:31:08,Bad
Nashik,10.43,13.6,S,5.23,8,Rain,1049.15,15.7,Yes,Yes,None,10:19:18,06:31:49,Bad
Pune,21.62,11.64,S,7.69,47,Snow,1028.61,25.86,No,Yes,Fog,21:18:57,05:19:53,Medium
Mumbai,18.03,19.32,S,3.34,58,Snow,1003.23,7.52,No,No,None,03:31:02,12:02:04,Medium
Pune,-3.23,13.35,NE,8.16,14,Snow,1017.22,0.21,No,Yes,None,15:15:34,04:41:53,Bad
Nashik,2.32,8.18,NW,2.79,29,Snow,1000.48,48.46,Yes,Yes,None,00:15:17,20:23:34,Bad
Pune,-3.12,12.43,SW,7.5,77,None,993.29,65.1,Yes,No,None,00:58:04,18:58:21,Bad
Nashik,9.99,15.97,S,6.38,90,Rain,1007.15,81.64,No,No,Hail,06:44:19,04:48:03,Bad
Nashik,10.72,16.01,N,7.94,19,Snow,1018.52,38.53,No,Yes,Fog,22:59:02,08:33:15,Bad
Surat,3.59,11.65,SW,6.82,7,Rain,983.13,6.42,No,Yes,Hail,14:47:31,20:30:59,Bad
Surat,9.62,0.12,E,9.04,54,Rain,981.72,40.03,No,Yes,None,14:31:18,19:12:02,Medium
Mumbai,-6.5,10.66,SE,1.97,87,Snow,1033.71,58.74,Yes,Yes,None,20:17:47,18:45:11,Bad
Surat,27.71,5.45,SE,6.92,41,None,1002.46,22.67,Yes,Yes,Fog,06:01:50,02:14:44,Medium
Mumbai,5.8,11.93,NW,5.23,8,Rain,1024.06,40.01,Yes,Yes,Hail,16:32:43,05:28:18,Bad
Mumbai,4.61,11.13,E,1.51,53,Snow,984.1,97.37,No,Yes,Hail,17:37:15,10:12:39,Medium
Pune,22.65,15.41,E,7.42,88,None,1045.46,77.22,No,No,None,18:36:37,08:34:03,Bad
Mumbai,27.86,1.13,N,2.91,6,None,1003.43,89.29,No,No,Hail,08:26:03,02:21:52,Good
Nashik,-2.82,2.68,S,9.17,87,Rain,1022.43,38.11,Yes,Yes,None,11:50:23,10:41:49,Bad
Pune,-0.82,8.59,SW,8.5,40,None,1006.35,44.44,Yes,No,None,02:30:42,15:05:32,Medium
Mumbai,33.34,17.89,N,4.25,16,Rain,1017.13,92.83,Yes,Yes,None,11:21:02,07:26:50,Bad
Nashik,0.7,11.58,S,3.56,76,Rain,1000.22,18.35,Yes,Yes,None,07:26:34,02:51:23,Bad
Nashik,-6.26,6.82,N,3.33,43,None,1033.93,15.52,No,Yes,Fog,05:48:41,05:45:14,Medium
Nashik,30.41,11.4,E,6.12,29,Rain,1045.64,77.63,Yes,No,Fog,17:05:11,05:34:27,Bad
Mumbai,23.06,6.47,N,2.26,56,Rain,1039.23,6.67,Yes,Yes,Hail,02:40:26,02:46:43,Medium
Surat,3.11,18.67,E,6.28,62,Snow,1039.1,70.15,Yes,Yes,Fog,12:04:25,13:51:39,Medium
Mumbai,20.33,5.7,W,9.18,85,Rain,1031.97,53.42,No,Yes,Fog,01:32:02,21:26:14,Bad
Surat,34.86,12.28,S,1.96,46,Snow,997.88,35.7,Yes,No,Hail,16:02:01,04:22:30,Medium
Mumbai,-6.39,9.36,S,5.84,46,Snow,998.38,50.2,No,Yes,Fog,10:35:34,17:55:55,Medium
Nashik,27.26,9.43,E,3.69,78,Rain,989.17,29.45,No,No,Hail,16:49:06,22:48:12,Bad
Mumbai,21.45,16.42,NW,5.78,52,Snow,1041.38,69.33,Yes,No,None,09:23:25,22:40:59,Medium
Surat,34.38,2.16,SE,2.45,81,None,1018.44,58.99,Yes,Yes,Hail,09:30:06,10:14:49,Bad
Nashik,17.83,4.46,SW,3.01,55,None,1045.96,0.25,No,Yes,Hail,18:37:05,14:42:37,Medium
Surat,2.51,1.96,NE,3.86,79,Snow,1011.51,83.48,No,No,Fog,12:44:41,18:41:55,Bad
Nashik,24.36,12.12,W,1.56,70,None,1008.94,96.23,No,Yes,Fog,13:35:18,05:41:13,Medium
Surat,15.65,5.97,E,4.03,80,Rain,1025.95,90.84,No,Yes,None,22:37:46,15:24:53,Bad
Mumbai,13.78,7.59,N,8.04,76,Snow,1028.45,77.49,Yes,No,Fog,12:02:10,19:00:29,Bad
Nashik,6.07,17.32,NW,7.88,93,None,1019.06,42.26,Yes,Yes,Hail,04:09:59,12:10:03,Bad
Surat,20.54,11.16,S,6.57,100,Rain,1037.63,17.44,No,Yes,Hail,00:39:12,20:54:56,Bad
Nashik,-5.61,4.41,N,9.06,37,Rain,983.21,24.3,Yes,No,None,19:25:07,15:26:05,Medium
Surat,4.27,14.12,W,2.83,17,None,1029.46,59.47,No,No,Hail,21:10:12,23:41:02,Good
Surat,-5.69,3.39,NW,9.6,79,Snow,997.81,90.37,No,Yes,Fog,05:40:05,22:08:15,Bad
Nashik,-6.74,1.53,NW,7.15,8,None,1042.12,59.84,Yes,Yes,Hail,22:26:15,20:43:35,Good
Nashik,14.02,0.58,W,4.08,35,Snow,994.84,80.6,Yes,Yes,Hail,19:12:29,10:56:43,Medium
Nashik,21.72,4.57,NW,5.79,73,Rain,1042.55,32.5,Yes,Yes,Fog,10:16:28,14:23:00,Bad
Surat,-5.7,14.4,NE,9.43,78,Snow,1019.15,23.9,Yes,Yes,Fog,01:47:38,13:50:02,Bad
Nashik,-8.12,14.7,N,8.44,6,Snow,1013.98,47.27,Yes,No,Fog,11:42:32,02:55:50,Bad
Mumbai,2.6,4.44,N,7.1,77,Snow,1016.1,85.99,Yes,Yes,None,13:11:20,00:26:12,Bad
Mumbai,9.75,18.67,NW,6.93,85,Rain,994.6,40.94,No,No,Fog,16:23:38,11:53:20,Bad
Mumbai,21.66,19.75,NW,4.3,22,Snow,1008.16,42.26,Yes,Yes,Hail,18:19:30,23:34:57,Bad
Nashik,34.78,14.59,S,7.79,76,Snow,984.04,84.92,Yes,Yes,Hail,00:05:38,13:15:23,Bad
Mumbai,-3.34,19.59,NW,2.01,60,Snow,1029.19,91.95,No,Yes,None,11:33:44,23:55:37,Medium
Surat,11.36,0.56,E,8.06,10,Rain,1041.61,5.57,Yes,Yes,Hail,01:50:34,04:34:23,Bad
Mumbai,-8.22,16.61,NW,5.65,5,None,1005.24,37.5,Yes,No,None,23:55:14,12:39:56,Good
Mumbai,0.94,16.38,SE,6.72,74,Rain,982.66,74.02,Yes,Yes,Hail,14:24:14,10:58:54,Bad
Pune,32.73,1.13,S,7.32,51,Rain,991.44,85.26,No,No,Fog,05:34:12,10:41:57,Medium
Pune,21.96,19.41,NE,2.3,64,Rain,1004.23,41.94,Yes,Yes,None,15:48:16,01:58:35,Medium
Mumbai,-6.15,18.5,SW,6.07,18,None,1038.43,16.3,No,Yes,Fog,11:20:00,01:52:01,Good
Pune,17.38,13.9,N,9.4,17,None,989.31,81.49,Yes,No,Fog,16:53:56,19:45:39,Good
Mumbai,0.04,12.35,W,2.48,74,Rain,1004.47,11.57,No,Yes,None,23:29:14,05:23:54,Bad
Pune,15.29,6.14,W,2.03,75,Snow,1021.27,99.4,Yes,No,Fog,10:59:15,22:42:18,Bad
Surat,-2.43,5.02,SW,1.67,23,Snow,1035.9,93.43,Yes,Yes,Hail,11:36:47,16:34:34,Bad
Pune,21.62,1.23,NW,1.63,42,Rain,1045.78,22.4,No,Yes,None,14:58:28,06:57:42,Medium
Mumbai,2.94,3.48,W,4.48,75,Rain,982.53,35.16,Yes,Yes,None,01:34:02,23:40:14,Bad
Nashik,-4.31,14.4,E,4.19,68,Rain,984.23,0.45,No,Yes,Hail,05:29:02,21:02:23,Medium
Mumbai,18.62,1.44,N,6.59,30,Snow,1011.66,82.54,Yes,No,Hail,07:53:55,19:14:08,Bad
Surat,-7.02,0.43,SW,7.41,0,Rain,1028.59,1.97,No,No,Hail,21:02:37,11:43:30,Bad
Surat,2.42,1.53,SE,4.34,22,None,1047.73,73.66,Yes,Yes,Fog,15:27:24,09:43:51,Good
Surat,20.7,3.45,NW,7.63,86,None,989.42,59.78,No,Yes,None,23:24:52,09:23:07,Bad
Pune,32.54,3.57,S,7.98,19,Snow,983.85,0.36,Yes,Yes,Hail,15:14:45,00:34:28,Bad
Pune,24.31,12.36,NW,7.48,86,None,982.21,75.57,No,No,Hail,19:31:00,20:08:13,Bad
Surat,5.76,16.89,E,4.24,79,Snow,1023.28,44.16,Yes,No,Hail,22:57:30,01:04:24,Bad
Mumbai,-8.04,2.23,E,4.35,6,Snow,988.72,55.07,No,Yes,None,07:14:59,09:57:19,Bad
Nashik,19.95,1.02,SW,2.6,71,Snow,1026.25,5.44,No,Yes,Fog,06:55:26,08:30:24,Bad
Surat,9.02,10.91,W,8.81,28,Rain,1042.82,4.43,Yes,No,Fog,05:03:22,07:22:32,Bad
Pune,15.29,5.81,E,2.98,14,None,1013.95,63.47,No,No,Hail,01:46:56,21:55:53,Good
Mumbai,22.86,3.78,W,2.16,90,Rain,1027.52,19.71,Yes,Yes,None,19:35:53,07:12:47,Bad
Pune,29.6,5.79,N,2.55,44,Snow,1002.25,68.46,Yes,No,None,17:19:25,16:48:32,Medium
Nashik,26.78,7.14,SE,1.17,27,Snow,1002.54,3.57,Yes,No,Hail,01:46:15,01:34:28,Bad
Surat,21.71,1.86,S,1.69,74,Snow,1011.2,75.83,Yes,No,None,02:16:54,12:11:00,Bad
Nashik,-8.06,12.73,SW,9.92,34,Snow,994.2,18.03,Yes,Yes,None,15:23:02,13:34:19,Medium
Surat,-3.8,17.33,S,8.57,41,Snow,1004.78,77.09,No,Yes,None,23:56:34,05:54:58,Medium
Surat,31.36,10.57,N,7.06,100,Rain,1028.71,0.24,No,No,Hail,13:30:27,11:33:52,Bad
Surat,7.28,8.9,E,3.08,9,Snow,1016.22,58.55,No,Yes,None,01:26:02,19:33:39,Bad
Mumbai,1.14,17.33,SE,7.52,95,None,1046.29,20.01,No,No,Hail,19:48:12,15:45:16,Bad
Surat,24.11,10.72,S,6.22,11,Snow,1003.94,36.79,Yes,Yes,Fog,05:41:42,17:25:12,Bad
Surat,30.18,4.2,N,4.57,23,Rain,1029.8,78.17,Yes,No,Hail,10:25:56,20:19:24,Bad
Surat,3.43,10.35,E,9.93,59,Snow,987.6,12.19,Yes,No,None,21:16:03,22:15:16,Medium
Pune,-1.92,12.81,E,4.11,32,Snow,997.78,14.26,Yes,No,Fog,14:14:33,04:47:11,Medium
Mumbai,11.48,1.09,NW,5.77,80,Rain,1011.53,52.97,Yes,No,Hail,11:50:12,17:00:43,Bad
Nashik,17.87,5.84,NE,2.31,4,None,990.25,94.97,No,No,None,03:08:18,23:37:36,Good
Mumbai,-5.49,12.05,NW,3.26,40,Rain,991.48,64.73,No,No,Fog,10:20:12,09:08:50,Medium
Surat,10.4,1.56,NE,5.61,70,Rain,1020.07,73.6,Yes,Yes,Fog,18:26:59,07:15:31,Medium
Mumbai,3.72,2.06,SW,8.78,64,Rain,1029.22,2.53,No,No,None,04:12:23,10:46:14,Medium
Mumbai,-2.13,9.21,SE,7.09,100,Snow,1038.75,66.74,Yes,Yes,Hail,09:39:35,22:49:10,Bad
Pune,23.49,15.86,N,7.31,35,Snow,1011.53,55.93,Yes,No,Fog,00:18:59,11:00:47,Medium
Nashik,12.73,15.22,E,7.21,20,Snow,987.11,55.1,No,Yes,Fog,02:05:35,15:01:14,Bad
Mumbai,22.71,19.77,S,3.47,87,Snow,994.76,6.7,No,Yes,None,08:38:40,10:34:03,Bad
Pune,27.75,17.13,NW,6.74,98,Snow,983.24,9.03,No,No,Hail,14:55:12,02:13:47,Bad
Surat,-3.59,2.06,SW,5.97,20,None,1004.61,7.41,Yes,Yes,Fog,19:35:05,16:30:36,Good
Mumbai,-2.39,8.8,W,1.72,23,Snow,1043.81,17.46,Yes,Yes,Fog,00:05:44,01:18:18,Bad
Mumbai,33.65,10.55,NW,2.9,59,Snow,1028.75,82.83,No,No,Hail,12:32:02,08:17:36,Medium
Surat,-2.11,3.72,NW,9.46,54,Rain,994.66,75.52,Yes,No,Fog,11:44:21,01:19:06,Medium
Surat,0.61,18.84,SW,1.41,86,None,1000.96,0.94,No,Yes,Fog,19:06:05,19:20:43,Bad
Nashik,17.48,2.73,S,9.8,25,Snow,1046.86,98.29,Yes,No,Fog,20:43:03,13:23:15,Bad
Nashik,-5.75,15.03,NE,5.51,47,Snow,1007.72,90.59,Yes,No,None,20:15:12,11:23:14,Medium
Pune,21.73,5.51,NE,3.63,83,None,990.62,53.83,Yes,Yes,None,15:36:40,10:44:19,Bad
Surat,-0.07,18.54,NW,3.79,78,None,1007.23,12.71,Yes,Yes,Fog,06:09:16,12:35:47,Bad
Pune,33.94,10.84,NW,7.2,86,Snow,988.17,6.74,Yes,Yes,Hail,17:23:28,16:38:40,Bad
Mumbai,16.44,16.77,E,4.18,46,Snow,1033.05,12.47,No,No,None,18:27:54,04:24:42,Medium
Surat,11.58,0.51,S,6.93,39,Snow,1009.13,31.13,Yes,Yes,Hail,22:07:19,01:18:09,Medium
Pune,14.93,2.86,W,4.73,42,Rain,1004.09,13.35,No,Yes,None,22:50:40,23:18:24,Medium
Surat,0.48,16.14,E,2.72,73,Rain,1031.96,66.24,No,No,Fog,18:37:32,21:08:57,Bad
Mumbai,9.62,3.11,E,4.61,75,None,1014.43,46.37,No,No,None,08:59:29,09:19:07,Bad
Nashik,34.05,3.3,E,9.76,0,None,1049.7,0.96,No,No,None,21:57:58,14:05:20,Good
Nashik,12.97,1.0,S,1.4,80,Snow,1013.52,33.99,No,No,None,02:25:47,12:32:15,Bad
Surat,-1.95,14.7,SE,8.7,14,None,1036.16,36.25,Yes,Yes,Hail,03:38:36,13:09:41,Good
Pune,7.56,8.29,NW,7.97,14,Rain,1009.07,75.75,Yes,No,Fog,08:11:13,11:02:15,Bad
Mumbai,13.47,17.48,SE,5.54,36,Rain,994.57,0.79,No,No,Fog,14:41:23,15:39:00,Medium
Pune,32.31,17.58,SE,9.36,55,None,1049.85,66.59,Yes,No,Fog,20:31:34,03:38:56,Medium
Mumbai,22.67,0.85,NW,9.26,58,None,1038.21,42.59,No,Yes,Hail,14:04:34,06:23:04,Medium
Surat,6.18,6.56,N,5.97,39,Rain,1021.63,53.27,Yes,No,Hail,10:56:40,18:07:29,Medium
Nashik,28.71,11.48,NW,8.44,18,None,1036.97,60.0,Yes,No,None,10:31:52,18:54:34,Good
Nashik,31.06,9.63,W,7.39,19,Rain,1024.38,25.28,No,No,Hail,19:45:42,10:25:39,Bad
Mumbai,12.47,6.82,NE,4.25,28,Snow,1035.32,96.77,No,No,Fog,11:30:03,14:30:46,Bad
Mumbai,-4.86,7.36,N,9.42,14,None,1023.7,80.77,Yes,No,None,05:38:10,17:36:38,Good
Pune,4.49,9.84,NW,7.37,42,Rain,1029.8,71.97,No,No,Hail,05:29:23,14:39:43,Medium
Pune,12.65,1.72,NW,6.78,53,Snow,991.49,10.45,Yes,No,Fog,15:39:58,19:23:48,Medium
Mumbai,1.58,8.31,NW,9.31,58,Snow,1004.66,61.61,Yes,Yes,None,19:55:20,21:33:40,Medium
Nashik,3.18,5.44,NW,2.4,0,Rain,1028.72,88.87,Yes,Yes,None,17:09:57,14:25:38,Bad
Pune,21.73,16.69,N,3.74,25,None,1021.01,6.64,No,Yes,None,13:51:24,20:16:19,Good
Nashik,29.58,16.37,SW,1.3,11,Rain,1014.3,20.55,Yes,No,None,16:47:48,00:40:58,Bad
Mumbai,-2.61,7.95,NE,2.57,100,None,1040.55,52.92,No,Yes,Fog,15:49:56,22:38:26,Bad
Pune,11.87,12.79,NW,6.89,85,Snow,1044.51,47.92,Yes,No,Fog,14:33:44,04:02:14,Bad
Pune,19.96,3.82,NE,3.65,48,Rain,1047.58,15.55,No,Yes,Fog,17:52:55,22:47:29,Medium
Nashik,2.6,6.93,N,1.77,27,Snow,1003.68,92.11,Yes,No,Hail,18:09:50,16:19:29,Bad
Surat,-3.14,9.51,S,7.41,97,None,1027.39,85.15,No,Yes,None,13:22:58,00:33:53,Bad
Mumbai,23.57,2.68,NE,3.67,20,Snow,988.54,86.86,Yes,Yes,Hail,00:35:01,14:08:16,Bad
Mumbai,20.67,12.74,N,1.54,95,Rain,987.04,56.45,No,No,Fog,05:20:53,19:22:12,Bad
Mumbai,26.36,10.24,SE,4.16,35,Rain,999.15,2.81,Yes,Yes,None,16:42:25,08:43:39,Medium
Pune,28.19,16.92,SE,3.96,24,Rain,1040.95,47.92,Yes,Yes,None,02:33:15,23:00:02,Bad
Pune,31.04,18.77,W,6.34,67,None,1041.53,22.79,Yes,No,None,01:39:12,02:44:10,Medium
Nashik,-0.45,14.78,E,2.9,6,Snow,1015.72,53.19,Yes,No,None,00:14:51,13:02:19,Bad
Nashik,16.73,19.93,SW,3.33,89,Snow,1021.88,55.29,Yes,No,None,17:12:11,01:29:20,Bad
Nashik,25.29,14.46,S,4.28,54,Rain,1045.52,55.56,Yes,No,None,05:44:17,17:33:25,Medium
Pune,6.05,7.67,S,3.94,34,Rain,1011.09,16.73,Yes,No,None,06:47:05,06:56:02,Medium
Mumbai,34.37,6.72,S,5.49,31,Snow,984.17,90.17,Yes,No,None,07:43:08,17:58:42,Medium
Mumbai,-1.96,0.31,W,9.23,18,Rain,991.15,27.2,No,No,Fog,14:56:07,15:54:22,Bad
Nashik,24.25,3.03,NW,4.97,13,Rain,1006.14,35.54,Yes,No,Hail,14:13:09,21:10:21,Bad
Surat,12.99,9.68,NW,7.52,35,None,1010.91,84.68,No,Yes,None,04:59:05,09:38:30,Medium
Pune,3.43,9.93,N,3.07,35,None,1015.19,95.22,Yes,Yes,Fog,13:28:31,09:33:03,Medium
Nashik,28.94,4.14,SE,7.06,2,Rain,1030.11,18.41,No,No,Hail,09:20:38,01:48:28,Bad
Pune,11.02,10.09,NE,5.07,43,None,992.25,41.34,Yes,No,None,15:56:53,19:43:44,Medium
Mumbai,7.27,18.19,NW,6.18,39,None,1028.67,81.01,Yes,No,None,18:04:13,19:40:24,Medium
Surat,7.35,6.9,S,5.97,45,Rain,1003.6,61.39,Yes,No,None,15:00:11,04:10:31,Medium
Nashik,19.5,18.99,N,5.89,57,Rain,997.9,81.41,No,No,None,10:24:45,22:22:03,Medium
Mumbai,8.58,4.79,NW,8.62,96,Snow,992.4,86.4,Yes,Yes,Hail,19:49:33,08:56:49,Bad
Nashik,17.29,19.96,S,2.84,52,None,992.92,8.34,No,Yes,None,10:31:19,23:47:50,Medium
Pune,-0.27,5.05,SW,4.98,0,None,1040.76,7.88,No,Yes,None,02:58:54,02:20:54,Good
Mumbai,2.28,7.91,E,5.45,81,None,1037.37,32.38,No,Yes,Fog,15:44:42,11:10:45,Bad
Nashik,29.85,1.44,E,6.48,36,None,1042.7,21.74,Yes,Yes,Fog,06:36:28,15:20:06,Medium
Mumbai,-4.63,7.15,NW,3.91,90,None,1012.34,54.81,Yes,Yes,Fog,09:04:27,10:48:54,Bad
Pune,22.52,6.32,SE,1.55,64,Snow,1005.69,99.75,No,Yes,Hail,16:16:27,01:33:06,Medium
Mumbai,30.32,3.31,E,5.9,34,Rain,997.83,11.86,No,Yes,Hail,18:42:36,11:53:53,Medium
Pune,26.05,12.85,W,1.27,67,None,1034.45,36.83,Yes,Yes,None,10:06:10,09:45:39,Medium
Nashik,30.25,8.95,SW,9.0,29,Rain,998.97,39.82,Yes,No,Fog,14:16:00,21:29:46,Bad
Mumbai,32.35,5.14,NW,9.33,71,Snow,1017.9,13.68,No,Yes,Fog,18:54:40,04:57:59,Bad
Nashik,19.63,8.31,NW,7.68,41,Rain,1004.82,75.88,Yes,Yes,Hail,18:26:35,08:50:48,Medium
Mumbai,18.82,12.57,S,2.3,60,Rain,1040.7,37.83,Yes,Yes,Fog,23:55:07,04:15:57,Medium
Nashik,27.99,17.97,N,4.91,56,None,982.41,8.05,No,Yes,Hail,11:31:43,07:15:41,Medium
Nashik,-0.6,14.7,E,2.89,26,Snow,1042.65,58.75,Yes,Yes,None,05:53:31,08:44:08,Bad
Nashik,32.03,18.68,E,3.13,13,Snow,986.78,77.16,Yes,Yes,Fog,06:28:34,19:42:32,Bad
Surat,8.95,18.65,SW,4.66,5,Rain,1029.04,96.58,Yes,Yes,Fog,07:56:24,20:41:44,Bad
Mumbai,2.21,12.08,SE,1.35,39,None,1032.82,98.44,No,Yes,None,00:09:04,23:29:46,Medium
Surat,33.71,4.26,SW,4.47,39,Rain,1019.85,49.49,No,Yes,Fog,04:49:56,13:44:17,Medium
Pune,14.66,15.22,SE,6.03,98,Snow,990.6,81.86,Yes,No,Hail,02:17:43,18:24:35,Bad
Mumbai,19.21,4.19,N,1.78,83,None,1019.42,46.71,No,No,None,21:01:01,19:37:09,Bad
Mumbai,-1.82,0.0,S,7.37,91,Rain,1036.83,15.41,No,Yes,None,11:25:40,16:48:27,Bad
Surat,17.89,0.95,N,9.91,0,Rain,1016.29,85.45,No,Yes,Fog,20:07:52,22:30:08,Bad
Nashik,0.46,11.98,W,7.62,35,Snow,1019.65,56.25,Yes,Yes,None,09:35:39,05:57:48,Medium
Mumbai,19.83,11.74,NW,4.72,69,Rain,1044.91,69.12,Yes,No,Fog,20:55:40,08:44:20,Medium
Nashik,33.98,0.82,SW,3.08,36,Rain,1037.67,62.13,Yes,Yes,Fog,15:34:08,00:59:25,Medium
Surat,4.37,19.35,SW,1.96,61,Snow,1039.62,39.27,Yes,No,Fog,06:33:04,06:54:49,Medium
Pune,26.75,6.74,W,1.52,41,Rain,1038.79,31.93,No,Yes,Fog,00:51:47,16:06:48,Medium
Mumbai,2.8,6.77,N,9.4,70,Snow,1003.29,93.6,No,Yes,Fog,21:11:16,19:58:36,Medium
Mumbai,13.8,5.51,NE,8.23,74,Rain,1018.83,41.53,Yes,No,Hail,00:24:39,00:48:34,Bad
Surat,-5.62,0.93,SE,3.5,84,Rain,1031.0,97.92,No,No,Fog,11:03:54,06:27:50,Bad
Nashik,9.02,9.48,W,1.74,12,Snow,1015.03,43.75,No,Yes,Fog,10:58:35,08:53:12,Bad
Mumbai,34.48,4.24,SE,2.33,5,None,1049.86,63.58,Yes,Yes,Fog,21:25:55,00:18:52,Good
Mumbai,1.89,14.95,NW,8.7,34,Rain,984.98,95.52,Yes,Yes,None,23:25:19,06:02:25,Medium
Mumbai,33.68,4.08,S,7.48,71,None,1002.37,18.76,No,No,None,04:10:44,19:58:38,Bad
Pune,6.01,14.44,S,6.33,28,None,1004.4,78.42,No,Yes,Fog,16:02:47,14:44:39,Good
Mumbai,27.37,18.89,NW,4.47,10,None,998.09,3.46,No,Yes,None,14:46:05,03:16:14,Good
Pune,22.83,13.22,E,5.63,79,None,1023.9,94.25,No,No,None,10:28:08,06:58:02,Bad
Nashik,11.37,4.17,NW,8.0,88,Rain,999.79,9.74,No,No,Fog,15:25:01,05:39:01,Bad
Nashik,22.86,14.96,NW,4.49,11,Rain,992.95,89.68,Yes,Yes,Hail,11:21:36,00:16:41,Bad
Surat,19.8,19.29,NW,9.74,15,Rain,1006.89,3.55,No,No,Fog,10:22:07,07:00:27,Bad
Pune,14.57,1.01,SW,5.43,33,Snow,989.48,86.7,Yes,Yes,Hail,15:53:24,01:40:23,Medium
Nashik,32.57,18.49,SE,6.11,19,Rain,987.07,42.47,No,Yes,None,11:57:50,13:30:43,Bad
Pune,30.77,9.51,SE,1.59,90,Snow,1013.06,27.04,No,No,None,04:11:07,06:48:34,Bad
Pune,-6.08,8.08,W,3.36,13,Snow,1017.44,68.75,Yes,No,None,00:44:21,07:51:44,Bad
Pune,21.75,17.64,S,1.56,24,Rain,1027.23,63.07,No,Yes,None,22:08:14,14:17:54,Bad
Surat,-1.34,8.5,S,7.65,60,Rain,1022.67,55.78,No,Yes,None,09:06:18,04:41:28,Medium
Nashik,29.85,15.79,S,1.79,73,Snow,992.1,31.19,Yes,No,Hail,02:20:37,15:34:15,Bad
Nashik,-2.22,11.5,N,3.86,43,Rain,988.88,51.78,No,Yes,Fog,06:03:58,14:04:20,Medium
Mumbai,10.07,18.87,W,1.68,3,Rain,994.11,38.69,Yes,No,Hail,21:23:02,20:18:29,Bad
Nashik,4.25,3.66,NW,5.8,44,Rain,1021.31,20.57,No,Yes,Fog,05:44:18,03:03:03,Medium
Surat,-0.89,6.87,SW,1.91,14,None,989.38,97.61,No,Yes,None,11:21:21,19:10:46,Good
Mumbai,31.22,3.1,NW,8.1,63,Snow,1015.88,46.27,Yes,No,Hail,20:09:19,04:17:00,Medium
Nashik,0.24,4.45,NW,9.1,44,Snow,1015.84,11.36,No,Yes,Fog,23:31:07,08:35:16,Medium
Surat,28.0,16.29,NE,5.09,12,Rain,1000.94,1.45,No,No,Hail,02:27:04,20:42:54,Bad
Surat,0.18,12.39,NE,7.96,49,Rain,981.08,72.32,Yes,No,None,11:18:44,13:52:02,Medium
Surat,9.31,4.54,E,6.42,63,None,982.2,39.58,Yes,Yes,None,23:44:10,01:06:19,Medium
Surat,-0.94,7.09,W,9.35,40,None,1043.81,87.87,No,Yes,Hail,07:07:26,23:07:51,Medium
Mumbai,19.45,12.2,N,6.69,73,None,999.2,77.51,Yes,No,Hail,03:37:29,23:09:10,Bad
Surat,9.22,12.74,S,3.65,64,Rain,1036.07,66.87,Yes,Yes,Hail,02:04:52,01:19:32,Medium
Nashik,8.84,5.67,W,7.99,40,Snow,1046.8,72.62,No,No,Fog,04:49:04,02:49:18,Medium
Pune,17.26,12.02,SW,5.17,42,Snow,984.94,27.4,Yes,Yes,None,06:28:03,15:30:17,Medium
Pune,-0.02,4.62,E,1.1,95,None,1003.51,48.48,No,No,None,04:50:50,04:23:27,Bad
Pune,-1.22,9.71,NW,1.22,40,None,1027.59,94.48,Yes,Yes,Hail,21:16:49,10:57:49,Medium
Nashik,6.88,9.72,NE,2.37,1,Rain,1004.65,97.74,No,Yes,Fog,02:12:45,07:16:59,Bad
Mumbai,29.1,14.02,SW,2.4,12,None,1027.83,44.11,Yes,No,Fog,05:11:20,18:58:05,Good
Surat,-6.42,2.43,E,9.05,31,Rain,1046.04,88.69,Yes,No,None,12:34:32,04:27:29,Medium
Mumbai,29.79,2.22,S,6.76,6,Snow,1010.7,60.69,Yes,No,None,01:41:18,09:16:12,Bad
Mumbai,20.86,18.42,W,8.36,82,None,1016.66,50.96,No,Yes,None,06:31:51,15:16:51,Bad
Mumbai,-6.77,9.66,W,5.39,48,Rain,1006.67,49.58,Yes,No,Fog,23:04:40,16:53:16,Medium
Pune,-0.27,5.41,NW,4.77,92,Rain,982.9,68.79,No,No,None,20:03:42,07:52:30,Bad
Mumbai,21.62,19.09,SW,6.96,47,Rain,1013.52,8.87,No,Yes,Fog,10:56:28,11:24:13,Medium
Surat,-7.97,5.86,W,8.6,77,None,1027.98,29.7,Yes,Yes,None,19:46:05,21:57:06,Bad
Nashik,32.06,1.58,NE,3.07,73,None,1016.93,45.2,No,Yes,None,14:39:22,01:24:44,Bad
Mumbai,-1.84,7.31,W,7.23,62,None,1027.18,98.46,No,Yes,None,05:21:45,03:23:14,Medium
Surat,3.92,9.33,SE,6.86,9,Rain,998.29,93.56,Yes,No,Fog,14:39:14,12:55:15,Bad
Mumbai,-2.99,13.82,S,8.0,31,Rain,1016.21,92.95,No,No,Fog,14:42:15,13:52:26,Medium
Nashik,30.49,9.25,N,3.16,33,Rain,1023.79,67.85,Yes,No,Hail,13:26:58,20:30:16,Medium
Surat,21.06,2.11,NW,1.2,99,Rain,1033.28,18.86,Yes,Yes,Hail,22:00:12,08:40:01,Bad
Pune,-0.53,19.73,SW,3.88,44,Rain,986.88,19.02,Yes,Yes,None,04:15:35,17:16:51,Medium
Pune,34.41,4.08,W,3.67,27,Snow,1027.77,77.02,Yes,Yes,None,12:34:23,06:19:56,Bad
Pune,32.66,5.0,N,7.37,37,Rain,993.52,68.81,Yes,No,Fog,17:17:45,04:47:47,Medium
Mumbai,21.01,2.01,W,4.67,39,Snow,998.75,38.23,Yes,No,Fog,13:03:05,19:11:47,Medium
Nashik,22.38,8.64,W,8.04,26,Snow,1007.98,80.1,No,Yes,Hail,20:15:42,13:51:20,Bad
Pune,1.28,1.72,N,5.75,51,None,1015.83,69.83,No,No,Hail,07:45:48,01:03:52,Medium
Pune,4.0,19.22,NW,7.87,24,Snow,1044.67,10.26,No,No,None,20:03:56,22:47:08,Bad
Pune,4.26,13.88,N,4.69,55,None,1047.18,20.12,No,Yes,None,07:01:13,01:51:58,Medium
Nashik,26.79,17.16,SW,7.31,77,Rain,997.76,4.29,Yes,No,None,21:38:44,13:40:52,Bad
Pune,6.94,12.45,NE,3.72,91,Snow,988.63,79.78,Yes,Yes,None,18:55:19,20:20:42,Bad
Mumbai,33.52,6.12,S,9.63,1,Rain,995.48,2.8,No,Yes,None,21:09:01,06:08:03,Bad
Mumbai,6.54,4.78,NE,7.79,100,Rain,1001.96,28.87,Yes,Yes,Hail,07:53:37,20:51:26,Bad
Mumbai,32.8,8.77,SW,4.53,29,Snow,1004.32,41.07,No,Yes,Hail,17:43:23,13:47:37,Bad
Surat,-7.64,7.67,S,3.35,17,None,995.1,36.63,No,No,None,18:13:20,07:25:30,Good
Nashik,24.76,16.41,NW,8.9,54,Snow,997.96,37.43,Yes,No,None,07:07:58,10:25:36,Medium
Nashik,11.86,6.63,S,3.01,90,Snow,1039.82,0.3,Yes,No,Hail,10:39:52,17:42:01,Bad
Pune,30.15,0.67,NW,9.1,56,Rain,1021.69,78.19,Yes,No,None,02:49:13,22:10:19,Medium
Nashik,32.5,7.9,E,3.83,91,Snow,1009.2,11.86,Yes,No,Hail,13:44:20,02:10:15,Bad
Mumbai,15.64,15.91,E,3.08,13,Rain,980.66,21.58,Yes,Yes,None,14:37:46,17:13:05,Bad
Mumbai,-8.19,13.44,S,3.33,19,None,1024.59,88.3,No,No,None,14:52:40,18:31:27,Good
Mumbai,1.56,6.06,SE,3.41,0,Rain,1029.87,51.98,Yes,Yes,Hail,01:23:04,06:08:46,Bad
Mumbai,-6.26,8.31,S,3.17,50,None,1024.31,52.37,Yes,Yes,Fog,09:22:19,05:52:20,Medium
Mumbai,-7.75,17.46,NW,5.04,37,None,993.24,97.69,Yes,No,Fog,00:22:21,23:43:11,Medium
Surat,3.26,18.02,NW,4.89,100,Rain,995.47,66.17,Yes,Yes,Hail,07:46:06,08:32:16,Bad
Mumbai,22.13,19.82,E,4.24,25,Rain,999.12,96.47,No,No,Fog,00:02:16,20:40:47,Bad
Mumbai,20.24,16.01,E,7.04,73,Rain,1011.76,70.7,Yes,No,None,06:20:15,14:06:27,Bad
Nashik,31.21,12.87,E,9.86,85,Snow,1035.63,12.23,No,Yes,Fog,07:46:01,11:40:23,Bad
Pune,20.63,11.65,SE,1.14,74,None,1000.06,46.15,No,Yes,Fog,04:35:23,12:18:48,Bad
Surat,10.35,6.91,W,3.46,47,None,995.9,85.86,Yes,No,Hail,01:44:41,16:51:58,Medium
Mumbai,29.65,11.29,E,2.85,81,None,986.13,56.47,Yes,Yes,None,09:17:28,14:49:56,Bad
Pune,25.63,17.8,NW,4.27,6,Snow,1022.69,69.1,Yes,Yes,Fog,20:12:09,13:12:44,Bad
Nashik,-3.15,3.69,E,4.91,13,Snow,989.78,10.41,No,Yes,Hail,05:33:15,18:52:36,Bad
Mumbai,28.65,11.34,W,8.2,18,Rain,990.69,93.77,Yes,No,Hail,02:36:17,07:58:52,Bad
Nashik,2.54,17.74,SW,4.25,35,None,1041.57,1.43,Yes,No,Hail,16:16:35,15:14:59,Medium
Mumbai,21.14,10.34,E,5.44,4,Rain,1020.63,87.53,No,No,Fog,04:18:18,19:02:18,Bad
Nashik,5.74,10.79,NW,9.19,17,None,1034.5,57.56,No,No,Hail,09:01:16,07:43:13,Good
Nashik,1.24,5.46,S,3.61,8,Snow,1011.78,57.38,No,Yes,Hail,13:22:00,23:26:09,Bad
Surat,-8.89,16.93,N,4.43,96,None,981.94,78.32,No,No,Hail,13:26:45,06:12:51,Bad
Surat,21.8,0.76,NW,4.36,28,None,1018.72,25.83,Yes,Yes,None,20:36:40,21:19:52,Good
Surat,21.37,1.0,NW,8.54,49,None,1028.08,84.86,No,Yes,Hail,01:30:29,15:43:27,Medium
Mumbai,19.59,2.95,W,5.02,9,Rain,1008.61,2.01,No,Yes,None,20:15:00,05:16:06,Bad
Nashik,27.08,3.5,N,5.12,0,Rain,982.13,28.97,Yes,No,Hail,01:55:09,01:02:28,Bad
Surat,-5.4,9.09,SW,7.81,98,Snow,1031.37,39.54,Yes,No,Fog,15:30:19,08:42:37,Bad
Mumbai,-7.55,5.33,NE,5.69,70,Rain,1002.57,62.02,No,Yes,None,01:24:12,06:13:10,Medium
Surat,14.4,2.15,SW,9.35,0,None,1004.7,75.57,Yes,Yes,Fog,09:06:12,15:48:27,Good
Nashik,11.75,19.87,W,7.09,61,None,1022.56,73.01,Yes,No,Hail,06:09:55,22:34:08,Medium
Mumbai,-9.32,10.9,SE,7.54,41,Rain,984.52,61.69,Yes,Yes,Hail,12:30:58,15:34:25,Medium
Mumbai,-5.63,8.56,SW,1.77,51,Rain,1033.96,35.78,Yes,Yes,Hail,10:44:03,07:24:42,Medium
Nashik,25.09,7.72,W,7.33,43,Snow,1022.89,62.94,No,No,Fog,01:32:39,15:17:25,Medium
Nashik,4.99,0.5,SW,4.41,87,Rain,995.65,48.28,No,Yes,Hail,21:08:49,04:59:33,Bad
Surat,28.05,12.56,NE,7.92,100,Rain,1033.51,75.48,Yes,No,Hail,12:25:01,16:04:03,Bad
Pune,19.9,18.25,NW,8.35,18,Snow,981.23,1.87,Yes,Yes,Fog,15:29:09,22:34:38,Bad
Pune,34.66,17.17,NW,8.56,58,Snow,1018.57,86.04,Yes,Yes,Hail,08:15:21,14:58:57,Medium
Mumbai,30.2,2.72,S,6.25,4,None,988.48,13.92,No,No,None,19:56:47,11:34:12,Good
Mumbai,28.24,14.08,N,4.59,75,Rain,1047.81,48.69,Yes,Yes,None,17:54:44,18:17:38,Bad
Nashik,0.5,9.29,NE,2.88,83,Snow,1029.74,80.22,Yes,Yes,None,22:00:21,16:48:22,Bad
Surat,-6.76,11.35,S,6.73,0,None,986.93,99.46,No,No,None,02:03:38,22:18:35,Good
Mumbai,22.78,18.34,E,9.6,14,None,986.86,24.75,No,Yes,Hail,04:21:00,15:03:14,Good
Surat,14.37,19.14,NW,4.6,63,Rain,1008.51,7.79,Yes,No,Hail,16:41:18,08:45:03,Medium
Mumbai,1.15,11.37,SW,7.34,59,Rain,998.4,48.01,No,No,None,18:34:05,16:27:04,Medium
Nashik,26.5,16.28,NW,4.15,3,Snow,1008.21,16.73,Yes,No,None,14:52:29,00:04:05,Bad
Nashik,2.99,19.96,SW,9.97,2,None,1017.06,11.72,Yes,Yes,None,15:00:00,05:26:56,Good
Pune,6.73,16.82,E,1.12,78,Snow,1028.06,19.47,Yes,Yes,None,05:21:22,23:04:25,Bad
Nashik,-1.95,15.12,SW,6.32,19,Snow,995.71,98.47,No,No,Fog,02:05:06,11:09:31,Bad
Pune,20.48,13.59,NW,7.98,39,None,1005.76,65.29,Yes,No,Hail,22:42:43,21:22:20,Medium
Surat,-0.81,11.48,S,2.42,84,Rain,1019.26,86.03,Yes,No,Fog,19:37:26,02:32:02,Bad
Mumbai,-4.79,11.63,W,4.44,100,None,1033.33,82.05,No,Yes,Fog,23:37:51,00:18:00,Bad
Nashik,24.04,16.78,W,2.47,11,Rain,994.7,30.34,Yes,No,None,00:59:50,05:57:52,Bad
Nashik,1.32,8.36,S,2.93,29,Snow,986.56,68.05,Yes,No,Fog,11:13:10,12:17:51,Bad
Pune,18.19,14.83,NE,1.91,33,None,995.35,56.1,Yes,No,Fog,21:22:35,10:55:26,Medium
Pune,25.29,8.45,N,2.39,32,None,1008.13,3.91,Yes,No,Hail,23:35:43,16:21:33,Medium
Mumbai,15.53,5.97,SE,8.88,100,Rain,990.15,19.74,No,No,Fog,01:55:40,14:36:08,Bad
Mumbai,-7.42,0.62,NW,6.14,68,Rain,1005.93,55.07,Yes,No,Fog,12:57:15,23:10:53,Medium
Mumbai,21.97,17.09,W,1.58,44,Snow,1042.78,90.44,Yes,No,Fog,20:21:17,11:36:45,Medium
Surat,21.6,18.45,E,6.57,19,Snow,980.2,53.44,No,Yes,Fog,13:11:33,14:02:36,Bad
Nashik,30.31,6.49,SE,9.24,14,None,1026.86,46.43,No,Yes,Fog,22:29:14,22:03:14,Good
Surat,4.48,15.84,S,9.6,48,None,1041.98,27.6,No,Yes,Hail,09:30:28,16:04:33,Medium
Surat,5.67,7.37,SE,6.28,47,Snow,999.68,63.28,Yes,Yes,None,18:26:34,06:36:32,Medium
Pune,-3.2,9.55,N,5.37,65,None,1042.31,60.7,No,No,Hail,16:24:55,18:47:39,Medium
Pune,-4.18,9.39,NW,5.78,99,Rain,999.06,68.63,No,Yes,None,18:36:49,15:43:41,Bad
Nashik,-9.3,0.51,SE,6.13,17,Rain,1011.1,29.98,Yes,No,Fog,14:20:51,21:16:45,Bad
Mumbai,20.89,6.47,W,2.81,27,Rain,1030.55,31.02,No,Yes,Fog,09:34:26,11:28:20,Bad
Mumbai,17.97,14.12,E,4.16,92,Snow,983.36,66.58,No,Yes,Fog,04:35:14,19:52:50,Bad
Pune,26.83,1.89,N,6.55,75,None,1024.16,3.2,No,Yes,None,14:35:31,20:22:35,Bad
Pune,-6.53,17.43,SW,3.6,72,None,1029.12,98.08,No,Yes,Hail,13:59:35,10:43:32,Bad
Surat,28.74,14.89,E,3.55,22,None,982.96,63.93,Yes,Yes,None,15:07:48,13:49:19,Good
Mumbai,2.43,14.67,S,1.46,89,Rain,1037.02,72.83,No,No,Fog,14:15:10,18:17:09,Bad
Surat,-7.18,7.42,NW,3.51,97,Snow,1042.46,82.2,Yes,Yes,None,10:28:35,04:26:56,Bad
Surat,-1.28,15.77,N,5.93,91,Rain,1006.57,19.9,Yes,No,None,10:11:57,06:03:59,Bad
